timestamp,power_W,under_attack
2025-05-25T19:15:12.967962,1698,1
2025-05-25T19:15:14.011082,1712,1
2025-05-25T19:15:15.042447,1712,1
2025-05-25T19:15:16.077996,1712,1
2025-05-25T19:15:17.136054,1766,1
2025-05-25T19:15:18.180644,1766,1
2025-05-25T19:15:19.215898,1766,1
2025-05-25T19:15:20.246595,1736,1
2025-05-25T19:15:21.277823,1736,1
2025-05-25T19:15:22.321055,1749,1
2025-05-25T19:15:23.389807,1749,1
2025-05-25T19:15:24.429178,1838,1
2025-05-25T19:15:25.462288,1838,1
2025-05-25T19:15:26.524022,1704,1
2025-05-25T19:15:27.598165,1704,1
2025-05-25T19:15:28.628707,1704,1
2025-05-25T19:15:29.666500,1754,1
2025-05-25T19:15:30.698756,1754,1
2025-05-25T19:15:31.734775,1754,1
2025-05-25T19:15:32.766645,1782,1
2025-05-25T19:15:33.802099,1782,1
2025-05-25T19:15:34.846352,1782,1
2025-05-25T19:15:35.895631,1741,1
2025-05-25T19:15:36.934205,1741,1
2025-05-25T19:15:37.969546,1741,1
2025-05-25T19:15:38.998751,1785,1
2025-05-25T19:15:40.074135,1785,1
2025-05-25T19:15:41.120512,1785,1
2025-05-25T19:15:42.151662,1733,1
2025-05-25T19:15:43.181121,1733,1
2025-05-25T19:15:44.213850,1733,1
2025-05-25T19:15:45.251627,1702,1
2025-05-25T19:15:46.282051,1702,1
2025-05-25T19:15:47.315433,1698,1
2025-05-25T19:15:48.365134,1698,1
2025-05-25T19:15:49.415135,1698,1
2025-05-25T19:15:50.454300,1658,1
2025-05-25T19:15:51.485454,1658,1
2025-05-25T19:15:52.521605,1709,1
2025-05-25T19:15:53.554387,1709,1
2025-05-25T19:15:54.584426,1709,1
2025-05-25T19:15:55.614714,1747,1
2025-05-25T19:15:56.659057,1747,1
2025-05-25T19:15:57.708972,1710,1
2025-05-25T19:15:58.742434,1710,1
2025-05-25T19:15:59.772691,1680,1
2025-05-25T19:16:00.804640,1680,1
2025-05-25T19:16:01.838692,1680,1
2025-05-25T19:16:02.872337,1727,1
2025-05-25T19:16:03.906669,1727,1
2025-05-25T19:16:04.950468,1690,1
2025-05-25T19:16:05.993063,1690,1
2025-05-25T19:16:07.026928,1658,1
2025-05-25T19:16:08.067096,1658,1
2025-05-25T19:16:09.096686,1658,1
2025-05-25T19:16:10.129066,1695,1
2025-05-25T19:16:11.173513,1695,1
2025-05-25T19:16:12.220083,1697,1
2025-05-25T19:16:24.100312,1725,0
2025-05-25T19:16:25.130261,1741,0
2025-05-25T19:16:26.183808,1741,0
2025-05-25T19:16:27.214291,1741,0
2025-05-25T19:16:28.243635,1690,0
2025-05-25T19:16:29.287774,1690,0
2025-05-25T19:16:30.318943,1671,0
2025-05-25T19:16:31.348157,1671,0
2025-05-25T19:16:32.454377,1668,0
2025-05-25T19:16:33.495911,1668,0
2025-05-25T19:16:34.525984,1693,0
2025-05-25T19:16:35.571452,1693,0
2025-05-25T19:16:36.622735,1688,0
2025-05-25T19:16:37.655538,1688,0
2025-05-25T19:16:38.693747,1688,0
2025-05-25T19:16:39.725511,1685,0
2025-05-25T19:16:40.755606,1685,0
2025-05-25T19:16:41.796304,1685,0
2025-05-25T19:16:42.848827,1652,0
2025-05-25T19:16:43.890958,1652,0
2025-05-25T19:16:44.924623,1690,0
2025-05-25T19:16:45.956218,1690,0
2025-05-25T19:16:46.988340,1742,0
2025-05-25T19:16:48.025801,1742,0
2025-05-25T19:16:49.055795,1742,0
2025-05-25T19:16:50.086324,1718,0
2025-05-25T19:16:51.137671,1718,0
2025-05-25T19:16:52.184872,1652,0
2025-05-25T19:16:53.217662,1652,0
2025-05-25T19:16:54.246902,1652,0
2025-05-25T19:16:55.278488,1669,0
2025-05-25T19:16:56.309679,1669,0
2025-05-25T19:16:57.341064,1669,0
2025-05-25T19:16:58.372509,1759,0
2025-05-25T19:16:59.433819,1759,0
2025-05-25T19:17:00.481832,1706,0
2025-05-25T19:17:01.515102,1706,0
2025-05-25T19:17:02.547903,1705,0
2025-05-25T19:17:03.579104,1705,0
2025-05-25T19:17:04.619554,1705,0
2025-05-25T19:17:05.652826,1618,0
2025-05-25T19:17:06.696599,1618,0
2025-05-25T19:17:07.726330,1618,0
2025-05-25T19:17:08.773547,1687,0
2025-05-25T19:17:09.806503,1687,0
2025-05-25T19:17:10.836181,1687,0
2025-05-25T19:17:11.866926,1683,0
2025-05-25T19:17:12.896999,1683,0
2025-05-25T19:17:13.930227,1672,0
2025-05-25T19:17:14.959476,1672,0
2025-05-25T19:17:15.994651,1672,0
2025-05-25T19:17:17.043882,1662,0
2025-05-25T19:17:18.092657,1662,0
2025-05-25T19:17:19.139008,1662,0
2025-05-25T19:17:20.171076,1705,0
2025-05-25T19:17:21.201870,1705,0
2025-05-25T19:17:22.237620,1792,0
2025-05-25T19:17:23.267174,1792,0
2025-05-25T19:17:24.311334,1729,0
2025-05-25T19:17:25.340478,1729,0
2025-05-25T19:17:26.391017,1729,0
2025-05-25T19:17:27.424751,1702,0
2025-05-25T19:17:28.454375,1702,0
2025-05-25T19:17:29.486501,1700,0
2025-05-25T19:17:30.517261,1700,0
2025-05-25T19:17:31.546676,1723,0
2025-05-25T19:17:32.577006,1723,0
2025-05-25T19:17:33.607927,1699,0
2025-05-25T19:17:34.685014,1699,0
2025-05-25T19:17:35.714157,1699,0
2025-05-25T19:17:36.751764,1683,0
2025-05-25T19:17:37.781346,1683,0
2025-05-25T19:17:38.812221,1679,0
2025-05-25T19:17:39.853535,1679,0
2025-05-25T19:17:40.911320,1732,0
2025-05-25T19:17:41.955582,1732,0
2025-05-25T19:17:42.985956,1732,0
2025-05-25T19:17:44.017453,1649,0
2025-05-25T19:17:45.058297,1649,0
2025-05-25T19:17:46.087803,1689,0
2025-05-25T19:17:47.127998,1689,0
2025-05-25T19:17:48.170802,1689,0
2025-05-25T19:17:49.203897,1642,0
2025-05-25T19:17:50.244718,1642,0
2025-05-25T19:17:51.274305,1642,0
2025-05-25T19:17:52.303425,1686,0
2025-05-25T19:17:53.340868,1686,0
2025-05-25T19:17:54.371529,1744,0
2025-05-25T19:17:55.401499,1744,0
2025-05-25T19:17:56.431710,1645,0
2025-05-25T19:17:57.469818,1645,0
2025-05-25T19:17:58.514468,1761,0
2025-05-25T19:17:59.542721,1761,0
2025-05-25T19:18:00.589359,1734,0
2025-05-25T19:18:01.621131,1734,0
2025-05-25T19:18:02.650321,1700,0
2025-05-25T19:18:03.684627,1700,0
2025-05-25T19:18:04.715406,1700,0
2025-05-25T19:18:05.744690,1758,0
2025-05-25T19:18:06.777290,1758,0
2025-05-25T19:18:07.808294,1758,0
2025-05-25T19:18:08.858839,1717,0
2025-05-25T19:18:09.908876,1717,0
2025-05-25T19:18:10.940195,1735,0
2025-05-25T19:18:11.983296,1735,0
2025-05-25T19:18:13.016996,1681,0
2025-05-25T19:18:14.047055,1681,0
2025-05-25T19:18:15.103078,1681,0
2025-05-25T19:18:16.134853,1677,0
2025-05-25T19:18:17.177501,1677,0
2025-05-25T19:18:18.210509,1682,0
2025-05-25T19:18:19.240880,1682,0
2025-05-25T19:18:20.270756,1682,0
2025-05-25T19:18:21.300336,1691,0
2025-05-25T19:18:22.333606,1691,0
2025-05-25T19:18:23.372605,1691,0
2025-05-25T19:18:24.422767,1704,0
2025-05-25T19:18:25.471999,1704,0
2025-05-25T19:18:26.512764,1749,0
2025-05-25T19:18:27.542284,1749,0
2025-05-25T19:18:28.571995,1733,0
2025-05-25T19:18:29.603938,1733,0
2025-05-25T19:18:30.635583,1709,0
2025-05-25T19:18:31.663929,1709,0
2025-05-25T19:18:32.715445,1709,0
2025-05-25T19:18:33.745008,1725,0
2025-05-25T19:18:34.790311,1725,0
2025-05-25T19:18:35.822969,1729,0
2025-05-25T19:18:36.859065,1729,0
2025-05-25T19:18:37.888395,1677,0
2025-05-25T19:18:38.917451,1677,0
2025-05-25T19:18:39.951429,1677,0
2025-05-25T19:18:40.980919,1682,0
2025-05-25T19:18:42.013712,1682,0
2025-05-25T19:18:43.068461,1654,0
2025-05-25T19:18:44.112741,1654,0
2025-05-25T19:18:45.141820,1654,0
2025-05-25T19:18:46.171540,1720,0
2025-05-25T19:18:47.215634,1720,0
2025-05-25T19:18:48.245921,1720,0
2025-05-25T19:18:49.275493,1673,0
2025-05-25T19:18:50.330052,1673,0
2025-05-25T19:18:51.380099,1673,0
2025-05-25T19:18:52.418145,1686,0
2025-05-25T19:18:53.450943,1706,0
2025-05-25T19:18:54.481817,1706,0
2025-05-25T19:18:55.521742,1700,0
2025-05-25T19:18:56.551015,1700,0
2025-05-25T19:18:57.613344,1700,0
2025-05-25T19:18:58.650179,1667,0
2025-05-25T19:18:59.683579,1667,0
2025-05-25T19:19:00.725989,1723,0
2025-05-25T19:19:01.757223,1723,0
2025-05-25T19:19:02.788670,1723,0
2025-05-25T19:19:03.846399,1680,0
2025-05-25T19:19:04.876801,1680,0
2025-05-25T19:19:05.953763,1680,0
2025-05-25T19:19:06.984018,1697,0
2025-05-25T19:19:08.013413,1697,0
2025-05-25T19:19:09.043535,1781,0
2025-05-25T19:19:10.095065,1781,0
2025-05-25T19:19:11.145810,1772,0
2025-05-25T19:19:12.175717,1772,0
2025-05-25T19:19:13.205899,1772,0
2025-05-25T19:19:14.248070,1681,0
2025-05-25T19:19:15.277696,1681,0
2025-05-25T19:19:16.313510,1681,0
2025-05-25T19:19:17.360544,1722,0
2025-05-25T19:19:18.389767,1722,0
2025-05-25T19:19:19.436467,1739,0
2025-05-25T19:19:20.466634,1739,0
2025-05-25T19:19:21.496097,1630,0
2025-05-25T19:19:22.525469,1630,0
2025-05-25T19:19:23.555736,1630,0
2025-05-25T19:19:24.586680,1703,1
2025-05-25T19:19:25.623504,1703,1
2025-05-25T19:19:26.655585,1703,1
2025-05-25T19:19:27.684336,1816,1
2025-05-25T19:19:28.727000,1816,1
2025-05-25T19:19:29.828962,1816,1
2025-05-25T19:19:30.878779,1698,1
2025-05-25T19:19:31.912345,1698,1
2025-05-25T19:19:32.952664,1664,1
2025-05-25T19:19:33.985783,1664,1
2025-05-25T19:19:35.016575,1749,1
2025-05-25T19:19:36.058090,1749,1
2025-05-25T19:19:37.087468,1749,1
2025-05-25T19:19:38.120957,1764,1
2025-05-25T19:19:39.150759,1764,1
2025-05-25T19:19:40.195556,1764,1
2025-05-25T19:19:41.251977,1779,1
2025-05-25T19:19:42.281476,1779,1
2025-05-25T19:19:43.315349,1779,1
2025-05-25T19:19:44.352158,1720,1
2025-05-25T19:19:45.382281,1720,1
2025-05-25T19:19:46.411520,1726,1
2025-05-25T19:19:47.445358,1726,1
2025-05-25T19:19:48.489039,1797,1
2025-05-25T19:19:49.532709,1797,1
2025-05-25T19:19:50.577592,1754,1
2025-05-25T19:19:51.611728,1754,1
2025-05-25T19:19:52.647074,1754,1
2025-05-25T19:19:53.691611,1732,1
2025-05-25T19:19:54.738933,1732,1
2025-05-25T19:19:55.787558,1732,1
2025-05-25T19:19:56.818824,1761,1
2025-05-25T19:19:57.856523,1761,1
2025-05-25T19:19:58.887501,1761,1
2025-05-25T19:19:59.920941,1806,1
2025-05-25T19:20:00.984576,1806,1
2025-05-25T19:20:02.017731,1806,1
2025-05-25T19:20:03.058475,1738,1
2025-05-25T19:20:04.096181,1738,1
2025-05-25T19:20:05.126588,1738,1
2025-05-25T19:20:06.161471,1734,1
2025-05-25T19:20:07.194322,1734,1
2025-05-25T19:20:08.254487,1734,1
2025-05-25T19:20:09.306290,1796,1
2025-05-25T19:20:10.339430,1796,1
2025-05-25T19:20:11.372147,1796,1
2025-05-25T19:20:12.416725,1725,1
2025-05-25T19:20:13.447137,1725,1
2025-05-25T19:20:14.478213,1769,1
2025-05-25T19:20:15.508291,1769,1
2025-05-25T19:20:16.563741,1769,1
2025-05-25T19:20:17.630799,1748,1
2025-05-25T19:20:18.660569,1748,1
2025-05-25T19:20:19.752630,1748,1
2025-05-25T19:20:20.789418,1773,1
2025-05-25T19:20:21.819818,1773,1
2025-05-25T19:20:22.853067,1773,1
2025-05-25T19:20:23.883060,1713,1
2025-05-25T19:20:29.212023,1749,0
2025-05-25T19:20:30.241221,1759,0
2025-05-25T19:20:31.272845,1759,0
2025-05-25T19:20:32.324079,1759,0
2025-05-25T19:20:33.369812,1713,0
2025-05-25T19:20:34.402807,1713,0
2025-05-25T19:20:35.453014,1694,0
2025-05-25T19:20:36.482826,1772,0
2025-05-25T19:20:37.519990,1772,0
2025-05-25T19:20:38.568423,1772,0
2025-05-25T19:20:39.616301,1666,0
2025-05-25T19:20:40.651292,1666,0
2025-05-25T19:20:41.680672,1696,0
2025-05-25T19:20:42.724466,1696,0
2025-05-25T19:20:43.756068,1693,0
2025-05-25T19:20:44.788988,1693,0
2025-05-25T19:20:45.833722,1693,0
2025-05-25T19:20:46.871263,1691,0
2025-05-25T19:20:47.937514,1691,0
2025-05-25T19:20:48.969467,1701,0
2025-05-25T19:20:49.999061,1701,0
2025-05-25T19:20:51.035646,1724,0
2025-05-25T19:20:52.080942,1724,0
2025-05-25T19:20:53.111728,1724,0
2025-05-25T19:20:54.157811,1658,0
2025-05-25T19:20:55.189967,1658,0
2025-05-25T19:20:56.219643,1700,0
2025-05-25T19:20:57.248747,1700,0
2025-05-25T19:20:58.278965,1706,0
2025-05-25T19:20:59.308584,1706,0
2025-05-25T19:21:00.343987,1706,0
2025-05-25T19:21:01.375100,1651,0
2025-05-25T19:21:02.405747,1651,0
2025-05-25T19:21:03.448807,1704,0
2025-05-25T19:21:04.487943,1704,0
2025-05-25T19:21:05.526414,1703,0
2025-05-25T19:21:06.556444,1703,0
2025-05-25T19:21:07.586040,1703,0
2025-05-25T19:21:08.618272,1694,0
2025-05-25T19:21:09.653720,1694,0
2025-05-25T19:21:10.684819,1657,0
2025-05-25T19:21:11.713850,1657,0
2025-05-25T19:21:12.768209,1657,0
2025-05-25T19:21:13.812872,1688,0
2025-05-25T19:21:14.857846,1688,0
2025-05-25T19:21:15.887003,1688,0
2025-05-25T19:21:16.917340,1678,0
2025-05-25T19:21:17.960505,1678,0
2025-05-25T19:21:18.990208,1678,0
2025-05-25T19:21:20.038371,1738,0
2025-05-25T19:21:21.067827,1738,0
2025-05-25T19:21:22.112012,1723,0
2025-05-25T19:21:23.145873,1723,0
2025-05-25T19:21:24.177861,1731,0
2025-05-25T19:21:25.207003,1731,0
2025-05-25T19:21:26.239145,1731,0
2025-05-25T19:21:27.268782,1664,0
2025-05-25T19:21:28.298216,1664,0
2025-05-25T19:21:29.327636,1716,0
2025-05-25T19:21:30.378271,1716,0
2025-05-25T19:21:31.409203,1731,0
2025-05-25T19:21:32.452792,1731,0
2025-05-25T19:21:33.483300,1731,0
2025-05-25T19:21:34.513089,1718,0
2025-05-25T19:21:35.543878,1646,0
2025-05-25T19:21:36.576843,1646,0
2025-05-25T19:21:37.629771,1646,0
2025-05-25T19:21:38.672129,1663,0
2025-05-25T19:21:39.701426,1663,0
2025-05-25T19:21:40.749174,1663,0
2025-05-25T19:21:41.783015,1657,0
2025-05-25T19:21:42.812433,1657,0
2025-05-25T19:21:43.841875,1657,0
2025-05-25T19:21:44.884394,1662,0
2025-05-25T19:21:45.917519,1662,0
2025-05-25T19:21:46.946748,1656,0
2025-05-25T19:21:47.992561,1656,0
2025-05-25T19:21:49.022630,1656,0
2025-05-25T19:21:50.065680,1725,0
2025-05-25T19:21:51.098380,1725,0
2025-05-25T19:21:52.128956,1725,0
2025-05-25T19:21:53.160979,1734,0
2025-05-25T19:21:54.210433,1734,0
2025-05-25T19:21:55.241686,1734,0
2025-05-25T19:21:56.284896,1688,0
2025-05-25T19:21:57.328932,1688,0
2025-05-25T19:21:58.377230,1727,0
2025-05-25T19:21:59.421556,1727,0
2025-05-25T19:22:00.453454,1672,0
2025-05-25T19:22:01.483148,1672,0
2025-05-25T19:22:02.513624,1736,0
2025-05-25T19:22:03.563164,1736,0
2025-05-25T19:22:04.607776,1760,0
2025-05-25T19:22:05.636872,1760,0
2025-05-25T19:22:06.667222,1651,0
2025-05-25T19:22:07.705741,1651,0
2025-05-25T19:22:08.734954,1651,0
2025-05-25T19:22:09.767006,1659,0
2025-05-25T19:22:10.808608,1659,0
2025-05-25T19:22:11.864218,1728,0
2025-05-25T19:22:12.907078,1728,0
2025-05-25T19:22:13.937705,1728,0
2025-05-25T19:22:14.968416,1697,0
2025-05-25T19:22:16.019012,1697,0
2025-05-25T19:22:17.048052,1697,0
2025-05-25T19:22:18.078298,1718,0
2025-05-25T19:22:19.120479,1718,0
2025-05-25T19:22:20.149507,1718,0
2025-05-25T19:22:21.196612,1706,0
2025-05-25T19:22:22.227754,1706,0
2025-05-25T19:22:23.270505,1706,0
2025-05-25T19:22:24.300525,1741,0
2025-05-25T19:22:25.333795,1741,0
2025-05-25T19:22:26.364897,1739,0
2025-05-25T19:22:27.393922,1739,0
2025-05-25T19:22:28.440766,1719,0
2025-05-25T19:22:29.471328,1719,0
2025-05-25T19:22:30.519497,1719,0
2025-05-25T19:22:31.548793,1684,0
2025-05-25T19:22:32.579718,1694,0
2025-05-25T19:22:33.609098,1694,0
2025-05-25T19:22:34.641300,1694,0
2025-05-25T19:22:35.674811,1663,0
2025-05-25T19:22:36.705194,1663,0
2025-05-25T19:22:37.734741,1663,0
2025-05-25T19:22:38.794951,1644,0
2025-05-25T19:22:39.834093,1644,0
2025-05-25T19:22:40.865098,1649,0
2025-05-25T19:22:41.905826,1649,0
2025-05-25T19:22:42.936805,1768,0
2025-05-25T19:22:43.967727,1768,0
2025-05-25T19:22:44.997494,1768,0
2025-05-25T19:22:46.027996,1689,0
2025-05-25T19:22:47.058059,1689,0
2025-05-25T19:22:48.097976,1673,0
2025-05-25T19:22:49.129656,1673,0
2025-05-25T19:22:50.179717,1673,0
2025-05-25T19:22:51.213408,1712,0
2025-05-25T19:22:52.251801,1712,0
2025-05-25T19:22:53.285902,1712,0
2025-05-25T19:22:54.315294,1750,0
2025-05-25T19:22:55.370176,1750,0
2025-05-25T19:22:56.399734,1750,0
2025-05-25T19:22:57.445159,1744,0
2025-05-25T19:22:58.475397,1744,0
2025-05-25T19:22:59.504480,1744,0
2025-05-25T19:23:00.534384,1625,0
2025-05-25T19:23:01.564444,1694,0
2025-05-25T19:23:02.594809,1694,0
2025-05-25T19:23:03.625176,1694,0
2025-05-25T19:23:04.663036,1696,0
2025-05-25T19:23:05.692974,1696,0
2025-05-25T19:23:06.734744,1696,0
2025-05-25T19:23:07.767119,1676,0
2025-05-25T19:23:08.812493,1676,0
2025-05-25T19:23:09.841759,1638,0
2025-05-25T19:23:10.872966,1638,0
2025-05-25T19:23:11.915399,1706,0
2025-05-25T19:23:13.040191,1706,0
2025-05-25T19:23:14.071588,1706,0
2025-05-25T19:23:15.101379,1689,0
2025-05-25T19:23:16.162128,1689,0
2025-05-25T19:23:17.213556,1681,0
2025-05-25T19:23:18.244438,1681,0
2025-05-25T19:23:19.276581,1681,0
2025-05-25T19:23:20.307487,1642,0
2025-05-25T19:23:21.336556,1642,0
2025-05-25T19:23:22.381071,1642,0
2025-05-25T19:23:23.431920,1652,0
2025-05-25T19:23:24.480746,1652,0
2025-05-25T19:23:25.521668,1656,0
2025-05-25T19:23:26.551798,1656,0
2025-05-25T19:23:27.586315,1640,0
2025-05-25T19:23:28.621869,1640,0
2025-05-25T19:23:29.652082,1640,1
2025-05-25T19:23:30.698768,1717,1
2025-05-25T19:23:31.747752,1717,1
2025-05-25T19:23:32.790621,1767,1
2025-05-25T19:23:33.819409,1767,1
2025-05-25T19:23:34.851647,1707,1
2025-05-25T19:23:35.896414,1707,1
2025-05-25T19:23:36.946143,1707,1
2025-05-25T19:23:37.976351,1729,1
2025-05-25T19:23:39.019671,1729,1
2025-05-25T19:23:40.049012,1729,1
2025-05-25T19:23:41.078802,1717,1
2025-05-25T19:23:42.110641,1717,1
2025-05-25T19:23:43.297176,1717,1
2025-05-25T19:23:44.346331,1772,1
2025-05-25T19:23:45.384090,1772,1
2025-05-25T19:23:46.416713,1772,1
2025-05-25T19:23:47.455146,1777,1
2025-05-25T19:23:48.485523,1777,1
2025-05-25T19:23:49.517296,1777,1
2025-05-25T19:23:50.592178,1743,1
2025-05-25T19:23:51.631849,1743,1
2025-05-25T19:23:52.662412,1786,1
2025-05-25T19:23:53.693105,1786,1
2025-05-25T19:23:54.727730,1786,1
2025-05-25T19:23:55.758971,1765,1
2025-05-25T19:23:56.829712,1765,1
2025-05-25T19:23:57.869684,1765,1
2025-05-25T19:23:58.914423,1779,1
2025-05-25T19:23:59.954108,1779,1
2025-05-25T19:24:00.983547,1779,1
2025-05-25T19:24:02.051667,1774,1
2025-05-25T19:24:03.084521,1774,1
2025-05-25T19:24:04.118914,1774,1
2025-05-25T19:24:05.149360,1764,1
2025-05-25T19:24:06.180961,1764,1
2025-05-25T19:24:07.220120,1764,1
2025-05-25T19:24:08.255528,1764,1
2025-05-25T19:24:09.306478,1825,1
2025-05-25T19:24:10.352766,1825,1
2025-05-25T19:24:11.383060,1781,1
2025-05-25T19:24:12.427072,1781,1
2025-05-25T19:24:13.458158,1781,1
2025-05-25T19:24:14.532229,1690,1
2025-05-25T19:24:15.576156,1690,1
2025-05-25T19:24:16.606349,1795,1
2025-05-25T19:24:17.638386,1795,1
2025-05-25T19:24:18.697988,1795,1
2025-05-25T19:24:19.749696,1742,1
2025-05-25T19:24:20.779629,1742,1
2025-05-25T19:24:21.824347,1742,1
2025-05-25T19:24:22.858915,1728,1
2025-05-25T19:24:23.888336,1728,1
2025-05-25T19:24:24.927648,1728,1
2025-05-25T19:24:25.965504,1750,1
2025-05-25T19:24:26.997138,1750,1
2025-05-25T19:24:28.058906,1750,1
2025-05-25T19:24:29.093120,1793,1
2025-05-25T19:24:40.197750,1732,0
2025-05-25T19:24:41.257749,1732,0
2025-05-25T19:24:42.309425,1671,0
2025-05-25T19:24:43.369465,1671,0
2025-05-25T19:24:44.399816,1664,0
2025-05-25T19:24:45.429402,1664,0
2025-05-25T19:24:46.477671,1744,0
2025-05-25T19:24:47.524999,1744,0
2025-05-25T19:24:48.586305,1663,0
2025-05-25T19:24:49.616410,1663,0
2025-05-25T19:24:50.647496,1700,0
2025-05-25T19:24:51.678701,1700,0
2025-05-25T19:24:52.722706,1700,0
2025-05-25T19:24:53.771698,1678,0
2025-05-25T19:24:54.808496,1678,0
2025-05-25T19:24:55.837703,1678,0
2025-05-25T19:24:56.870396,1684,0
2025-05-25T19:24:57.901812,1684,0
2025-05-25T19:24:58.931367,1685,0
2025-05-25T19:24:59.970833,1685,0
2025-05-25T19:25:01.015810,1690,0
2025-05-25T19:25:02.046161,1690,0
2025-05-25T19:25:03.091195,1690,0
2025-05-25T19:25:04.122743,1705,0
2025-05-25T19:25:05.153290,1705,0
2025-05-25T19:25:06.184924,1698,0
2025-05-25T19:25:07.216648,1698,0
2025-05-25T19:25:08.247403,1723,0
2025-05-25T19:25:09.280018,1723,0
2025-05-25T19:25:10.310555,1723,0
2025-05-25T19:25:11.339773,1752,0
2025-05-25T19:25:12.384914,1752,0
2025-05-25T19:25:13.429782,1707,0
2025-05-25T19:25:14.459067,1707,0
2025-05-25T19:25:15.492107,1679,0
2025-05-25T19:25:16.524457,1679,0
2025-05-25T19:25:17.554216,1679,0
2025-05-25T19:25:18.588991,1661,0
2025-05-25T19:25:19.619450,1676,0
2025-05-25T19:25:20.649429,1676,0
2025-05-25T19:25:21.705827,1732,0
2025-05-25T19:25:22.751302,1732,0
2025-05-25T19:25:23.791980,1732,0
2025-05-25T19:25:24.821573,1726,0
2025-05-25T19:25:25.851533,1726,0
2025-05-25T19:25:26.896480,1726,0
2025-05-25T19:25:27.928637,1678,0
2025-05-25T19:25:28.968406,1678,0
2025-05-25T19:25:29.998077,1702,0
2025-05-25T19:25:31.053305,1702,0
2025-05-25T19:25:32.083757,1688,0
2025-05-25T19:25:33.113856,1688,0
2025-05-25T19:25:34.144340,1688,0
2025-05-25T19:25:35.175534,1669,0
2025-05-25T19:25:36.204916,1669,0
2025-05-25T19:25:37.235079,1705,0
2025-05-25T19:25:38.264446,1705,0
2025-05-25T19:25:39.326603,1745,0
2025-05-25T19:25:40.365098,1745,0
2025-05-25T19:25:41.408649,1745,0
2025-05-25T19:25:42.438591,1719,0
2025-05-25T19:25:43.469433,1719,0
2025-05-25T19:25:44.512624,1701,0
2025-05-25T19:25:45.567914,1701,0
2025-05-25T19:25:46.611098,1677,0
2025-05-25T19:25:47.640621,1677,0
2025-05-25T19:25:48.672983,1677,0
2025-05-25T19:25:49.719353,1723,0
2025-05-25T19:25:50.748718,1723,0
2025-05-25T19:25:51.779849,1723,0
2025-05-25T19:25:52.829312,1713,0
2025-05-25T19:25:53.859618,1713,0
2025-05-25T19:25:54.905335,1718,0
2025-05-25T19:25:55.935663,1718,0
2025-05-25T19:25:56.964960,1684,0
2025-05-25T19:25:57.995189,1684,0
2025-05-25T19:25:59.027168,1684,0
2025-05-25T19:26:00.062491,1668,0
2025-05-25T19:26:01.094425,1668,0
2025-05-25T19:26:02.148509,1697,0
2025-05-25T19:26:03.179728,1697,0
2025-05-25T19:26:04.220130,1697,0
2025-05-25T19:26:05.253442,1680,0
2025-05-25T19:26:06.283050,1680,0
2025-05-25T19:26:07.312737,1680,0
2025-05-25T19:26:08.343412,1681,0
2025-05-25T19:26:09.374603,1681,0
2025-05-25T19:26:10.405219,1681,0
2025-05-25T19:26:11.435003,1660,0
2025-05-25T19:26:12.464755,1660,0
2025-05-25T19:26:13.493853,1650,0
2025-05-25T19:26:14.536772,1650,0
2025-05-25T19:26:15.578486,1650,0
2025-05-25T19:26:16.611755,1665,0
2025-05-25T19:26:17.648444,1665,0
2025-05-25T19:26:18.678935,1684,0
2025-05-25T19:26:19.708345,1684,0
2025-05-25T19:26:20.750139,1750,0
2025-05-25T19:26:21.779541,1750,0
2025-05-25T19:26:22.810106,1671,0
2025-05-25T19:26:23.865053,1671,0
2025-05-25T19:26:24.909828,1671,0
2025-05-25T19:26:25.939448,1709,0
2025-05-25T19:26:26.969196,1709,0
2025-05-25T19:26:27.999976,1683,0
2025-05-25T19:26:29.029131,1683,0
2025-05-25T19:26:30.058876,1688,0
2025-05-25T19:26:31.089942,1688,0
2025-05-25T19:26:32.120450,1688,0
2025-05-25T19:26:33.177707,1714,0
2025-05-25T19:26:34.228450,1714,0
2025-05-25T19:26:35.276414,1681,0
2025-05-25T19:26:36.307320,1681,0
2025-05-25T19:26:37.336588,1681,0
2025-05-25T19:26:38.365859,1706,0
2025-05-25T19:26:39.397596,1706,0
2025-05-25T19:26:40.446522,1706,0
2025-05-25T19:26:41.475977,1660,0
2025-05-25T19:26:42.523464,1660,0
2025-05-25T19:26:43.578489,1660,0
2025-05-25T19:26:44.607902,1719,0
2025-05-25T19:26:45.638502,1726,0
2025-05-25T19:26:46.691772,1726,0
2025-05-25T19:26:47.724078,1726,0
2025-05-25T19:26:48.766091,1645,0
2025-05-25T19:26:49.795479,1645,0
2025-05-25T19:26:50.826309,1645,0
2025-05-25T19:26:51.855902,1680,0
2025-05-25T19:26:52.890954,1680,0
2025-05-25T19:26:53.924746,1685,0
2025-05-25T19:26:54.954027,1685,0
2025-05-25T19:26:55.984127,1706,0
2025-05-25T19:26:57.014900,1706,0
2025-05-25T19:26:58.057681,1706,0
2025-05-25T19:26:59.090501,1724,0
2025-05-25T19:27:00.137316,1724,0
2025-05-25T19:27:01.168903,1676,0
2025-05-25T19:27:02.198349,1676,0
2025-05-25T19:27:03.232455,1737,0
2025-05-25T19:27:04.262516,1737,0
2025-05-25T19:27:05.293422,1737,0
2025-05-25T19:27:06.324664,1690,0
2025-05-25T19:27:07.353842,1690,0
2025-05-25T19:27:08.403349,1720,0
2025-05-25T19:27:09.449385,1720,0
2025-05-25T19:27:10.479128,1696,0
2025-05-25T19:27:11.507948,1696,0
2025-05-25T19:27:12.537540,1696,0
2025-05-25T19:27:13.576011,1705,0
2025-05-25T19:27:14.609871,1672,0
2025-05-25T19:27:15.640346,1672,0
2025-05-25T19:27:16.670426,1672,0
2025-05-25T19:27:17.726397,1681,0
2025-05-25T19:27:18.771603,1681,0
2025-05-25T19:27:19.818685,1681,0
2025-05-25T19:27:20.848635,1733,0
2025-05-25T19:27:21.880009,1733,0
2025-05-25T19:27:22.910423,1733,0
2025-05-25T19:27:23.940482,1769,0
2025-05-25T19:27:24.970095,1769,0
2025-05-25T19:27:26.015000,1769,0
2025-05-25T19:27:27.068127,1675,0
2025-05-25T19:27:28.111029,1675,0
2025-05-25T19:27:29.141081,1663,0
2025-05-25T19:27:30.178521,1663,0
2025-05-25T19:27:31.213620,1663,0
2025-05-25T19:27:32.279306,1709,0
2025-05-25T19:27:33.315752,1709,0
2025-05-25T19:27:34.353360,1709,0
2025-05-25T19:27:35.384689,1701,0
2025-05-25T19:27:36.427639,1701,0
2025-05-25T19:27:37.459209,1701,0
2025-05-25T19:27:38.488628,1658,0
2025-05-25T19:27:39.531280,1658,0
2025-05-25T19:27:40.561415,1709,1
2025-05-25T19:27:41.603186,1709,1
2025-05-25T19:27:42.634811,1761,1
2025-05-25T19:27:43.671049,1761,1
2025-05-25T19:27:44.702823,1761,1
2025-05-25T19:27:45.732073,1756,1
2025-05-25T19:27:46.770648,1756,1
2025-05-25T19:27:47.833844,1756,1
2025-05-25T19:27:48.880024,1743,1
2025-05-25T19:27:49.915715,1743,1
2025-05-25T19:27:50.945826,1743,1
2025-05-25T19:27:51.977137,1770,1
2025-05-25T19:27:53.008430,1770,1
2025-05-25T19:27:54.047893,1770,1
2025-05-25T19:27:55.125070,1796,1
2025-05-25T19:27:56.172536,1796,1
2025-05-25T19:27:57.201970,1796,1
2025-05-25T19:27:58.273483,1722,1
2025-05-25T19:27:59.320699,1722,1
2025-05-25T19:28:00.353523,1722,1
2025-05-25T19:28:01.384936,1767,1
2025-05-25T19:28:02.441106,1767,1
2025-05-25T19:28:03.472444,1767,1
2025-05-25T19:28:04.519798,1693,1
2025-05-25T19:28:05.572736,1693,1
2025-05-25T19:28:06.616015,1693,1
2025-05-25T19:28:07.650622,1739,1
2025-05-25T19:28:08.680712,1820,1
2025-05-25T19:28:09.710751,1820,1
2025-05-25T19:28:10.760323,1799,1
2025-05-25T19:28:11.791196,1799,1
2025-05-25T19:28:12.843797,1799,1
2025-05-25T19:28:13.874824,1714,1
2025-05-25T19:28:14.904326,1714,1
2025-05-25T19:28:15.934092,1714,1
2025-05-25T19:28:16.964042,1748,1
2025-05-25T19:28:17.994735,1748,1
2025-05-25T19:28:19.024949,1748,1
2025-05-25T19:28:20.062418,1739,1
2025-05-25T19:28:21.106710,1739,1
2025-05-25T19:28:22.138095,1739,1
2025-05-25T19:28:23.184040,1766,1
2025-05-25T19:28:24.216877,1766,1
2025-05-25T19:28:25.248738,1766,1
2025-05-25T19:28:26.279496,1795,1
2025-05-25T19:28:27.309658,1795,1
2025-05-25T19:28:28.340093,1800,1
2025-05-25T19:28:29.373506,1800,1
2025-05-25T19:28:30.429268,1800,1
2025-05-25T19:28:31.483118,1762,1
2025-05-25T19:28:32.515109,1762,1
2025-05-25T19:28:33.549178,1762,1
2025-05-25T19:28:34.579672,1729,1
2025-05-25T19:28:35.613181,1729,1
2025-05-25T19:28:36.645180,1791,1
2025-05-25T19:28:37.699825,1791,1
2025-05-25T19:28:38.746507,1791,1
2025-05-25T19:28:39.790629,1774,1
2025-05-25T19:28:45.687027,1782,0
2025-05-25T19:28:46.730856,1782,0
2025-05-25T19:28:47.762506,1688,0
2025-05-25T19:28:48.791942,1688,0
2025-05-25T19:28:49.823479,1714,0
2025-05-25T19:28:50.854126,1714,0
2025-05-25T19:28:51.891787,1714,0
2025-05-25T19:28:52.921117,1671,0
2025-05-25T19:28:53.951034,1671,0
2025-05-25T19:28:54.996970,1699,0
2025-05-25T19:28:56.030420,1699,0
2025-05-25T19:28:57.074636,1717,0
2025-05-25T19:28:58.104986,1717,0
2025-05-25T19:28:59.135556,1717,0
2025-05-25T19:29:00.164878,1765,0
2025-05-25T19:29:01.198680,1765,0
2025-05-25T19:29:02.233231,1765,0
2025-05-25T19:29:03.264433,1661,0
2025-05-25T19:29:04.323871,1661,0
2025-05-25T19:29:05.369574,1701,0
2025-05-25T19:29:06.405187,1701,0
2025-05-25T19:29:07.435596,1669,0
2025-05-25T19:29:08.468176,1669,0
2025-05-25T19:29:09.506564,1669,0
2025-05-25T19:29:10.536014,1737,0
2025-05-25T19:29:11.565312,1737,0
2025-05-25T19:29:12.625429,1737,0
2025-05-25T19:29:13.659654,1692,0
2025-05-25T19:29:14.691312,1637,0
2025-05-25T19:29:15.748177,1637,0
2025-05-25T19:29:16.779005,1637,0
2025-05-25T19:29:17.814407,1626,0
2025-05-25T19:29:18.861335,1626,0
2025-05-25T19:29:19.911157,1626,0
2025-05-25T19:29:20.941611,1693,0
2025-05-25T19:29:21.971726,1693,0
2025-05-25T19:29:23.000988,1671,0
2025-05-25T19:29:24.031228,1671,0
2025-05-25T19:29:25.061555,1694,0
2025-05-25T19:29:26.091622,1694,0
2025-05-25T19:29:27.121665,1694,0
2025-05-25T19:29:28.151385,1688,0
2025-05-25T19:29:29.204474,1688,0
2025-05-25T19:29:30.251441,1690,0
2025-05-25T19:29:31.282359,1690,0
2025-05-25T19:29:32.326721,1690,0
2025-05-25T19:29:33.356051,1702,0
2025-05-25T19:29:34.387287,1702,0
2025-05-25T19:29:35.445504,1702,0
2025-05-25T19:29:36.474957,1687,0
2025-05-25T19:29:37.525834,1687,0
2025-05-25T19:29:38.558619,1687,0
2025-05-25T19:29:39.588368,1689,0
2025-05-25T19:29:40.618079,1689,0
2025-05-25T19:29:41.648352,1698,0
2025-05-25T19:29:42.680636,1698,0
2025-05-25T19:29:43.709773,1658,0
2025-05-25T19:29:44.745651,1658,0
2025-05-25T19:29:45.808646,1658,0
2025-05-25T19:29:46.846197,1685,0
2025-05-25T19:29:47.876417,1685,0
2025-05-25T19:29:48.909805,1685,0
2025-05-25T19:29:49.949865,1675,0
2025-05-25T19:29:50.980500,1675,0
2025-05-25T19:29:52.010758,1718,0
2025-05-25T19:29:53.057975,1718,0
2025-05-25T19:29:54.088520,1718,0
2025-05-25T19:29:55.136689,1713,0
2025-05-25T19:29:56.166200,1713,0
2025-05-25T19:29:57.195647,1713,0
2025-05-25T19:29:58.225714,1681,0
2025-05-25T19:29:59.257820,1681,0
2025-05-25T19:30:00.288164,1681,0
2025-05-25T19:30:01.317761,1667,0
2025-05-25T19:30:02.378552,1667,0
2025-05-25T19:30:03.408744,1660,0
2025-05-25T19:30:04.453999,1660,0
2025-05-25T19:30:05.486590,1660,0
2025-05-25T19:30:06.516767,1711,0
2025-05-25T19:30:07.547957,1711,0
2025-05-25T19:30:08.578628,1711,0
2025-05-25T19:30:09.614277,1706,0
2025-05-25T19:30:10.645452,1706,0
2025-05-25T19:30:11.677085,1641,0
2025-05-25T19:30:12.718638,1641,0
2025-05-25T19:30:13.749107,1693,0
2025-05-25T19:30:14.814418,1693,0
2025-05-25T19:30:15.848023,1693,0
2025-05-25T19:30:16.877499,1689,0
2025-05-25T19:30:17.909712,1689,0
2025-05-25T19:30:18.938963,1689,0
2025-05-25T19:30:20.000026,1688,0
2025-05-25T19:30:21.046409,1688,0
2025-05-25T19:30:22.079374,1688,0
2025-05-25T19:30:23.108515,1692,0
2025-05-25T19:30:24.139845,1692,0
2025-05-25T19:30:25.181942,1697,0
2025-05-25T19:30:26.211514,1697,0
2025-05-25T19:30:27.243119,1706,0
2025-05-25T19:30:28.285852,1706,0
2025-05-25T19:30:29.317481,1706,0
2025-05-25T19:30:30.363792,1727,0
2025-05-25T19:30:31.394748,1727,0
2025-05-25T19:30:32.428033,1702,0
2025-05-25T19:30:33.457628,1702,0
2025-05-25T19:30:34.493815,1699,0
2025-05-25T19:30:35.522985,1699,0
2025-05-25T19:30:36.553835,1699,0
2025-05-25T19:30:37.601796,1700,0
2025-05-25T19:30:38.634150,1700,0
2025-05-25T19:30:39.686442,1695,0
2025-05-25T19:30:40.715895,1649,0
2025-05-25T19:30:41.747641,1649,0
2025-05-25T19:30:42.776162,1649,0
2025-05-25T19:30:43.806984,1694,0
2025-05-25T19:30:44.837387,1694,0
2025-05-25T19:30:45.866813,1635,0
2025-05-25T19:30:46.904040,1635,0
2025-05-25T19:30:47.944767,1635,0
2025-05-25T19:30:48.974543,1662,0
2025-05-25T19:30:50.038959,1662,0
2025-05-25T19:30:51.069169,1662,0
2025-05-25T19:30:52.106512,1648,0
2025-05-25T19:30:53.137069,1648,0
2025-05-25T19:30:54.166803,1702,0
2025-05-25T19:30:55.226534,1702,0
2025-05-25T19:30:56.267616,1721,0
2025-05-25T19:30:57.312145,1721,0
2025-05-25T19:30:58.372987,1721,0
2025-05-25T19:30:59.422634,1683,0
2025-05-25T19:31:00.464225,1683,0
2025-05-25T19:31:01.495008,1665,0
2025-05-25T19:31:02.525712,1665,0
2025-05-25T19:31:03.554824,1665,0
2025-05-25T19:31:04.587099,1688,0
2025-05-25T19:31:05.620397,1688,0
2025-05-25T19:31:06.651566,1688,0
2025-05-25T19:31:07.681320,1689,0
2025-05-25T19:31:08.732483,1689,0
2025-05-25T19:31:09.781375,1680,0
2025-05-25T19:31:10.823142,1680,0
2025-05-25T19:31:11.852367,1672,0
2025-05-25T19:31:12.882871,1672,0
2025-05-25T19:31:13.929214,1672,0
2025-05-25T19:31:14.960968,1662,0
2025-05-25T19:31:16.010906,1662,0
2025-05-25T19:31:17.058535,1662,0
2025-05-25T19:31:18.088637,1716,0
2025-05-25T19:31:19.118122,1716,0
2025-05-25T19:31:20.149008,1716,0
2025-05-25T19:31:21.178229,1696,0
2025-05-25T19:31:22.207336,1696,0
2025-05-25T19:31:23.236798,1676,0
2025-05-25T19:31:24.266299,1676,0
2025-05-25T19:31:25.296111,1676,0
2025-05-25T19:31:26.352186,1669,0
2025-05-25T19:31:27.400133,1669,0
2025-05-25T19:31:28.442030,1669,0
2025-05-25T19:31:29.479899,1721,0
2025-05-25T19:31:30.509317,1721,0
2025-05-25T19:31:31.545201,1721,0
2025-05-25T19:31:32.574113,1728,0
2025-05-25T19:31:33.619106,1728,0
2025-05-25T19:31:34.669845,1706,0
2025-05-25T19:31:35.699194,1707,0
2025-05-25T19:31:36.729620,1707,0
2025-05-25T19:31:37.759387,1707,0
2025-05-25T19:31:38.790098,1657,0
2025-05-25T19:31:39.865984,1657,0
2025-05-25T19:31:40.915687,1675,0
2025-05-25T19:31:41.957454,1675,0
2025-05-25T19:31:42.986703,1685,0
2025-05-25T19:31:44.016303,1685,0
2025-05-25T19:31:45.056951,1685,0
2025-05-25T19:31:46.087703,1715,1
2025-05-25T19:31:47.148054,1715,1
2025-05-25T19:31:48.193937,1764,1
2025-05-25T19:31:49.224429,1764,1
2025-05-25T19:31:50.262777,1736,1
2025-05-25T19:31:51.295213,1736,1
2025-05-25T19:31:52.330301,1736,1
2025-05-25T19:31:53.378732,1815,1
2025-05-25T19:31:54.408521,1815,1
2025-05-25T19:31:55.453040,1815,1
2025-05-25T19:31:56.496749,1789,1
2025-05-25T19:31:57.526797,1789,1
2025-05-25T19:31:58.572088,1789,1
2025-05-25T19:31:59.607428,1762,1
2025-05-25T19:32:00.655108,1762,1
2025-05-25T19:32:01.705006,1760,1
2025-05-25T19:32:02.734560,1760,1
2025-05-25T19:32:03.784171,1760,1
2025-05-25T19:32:04.814519,1737,1
2025-05-25T19:32:05.844497,1737,1
2025-05-25T19:32:06.904129,1737,1
2025-05-25T19:32:07.953900,1788,1
2025-05-25T19:32:08.984966,1788,1
2025-05-25T19:32:10.040523,1788,1
2025-05-25T19:32:11.095876,1844,1
2025-05-25T19:32:12.149157,1844,1
2025-05-25T19:32:13.186527,1844,1
2025-05-25T19:32:14.234077,1737,1
2025-05-25T19:32:15.263925,1737,1
2025-05-25T19:32:16.293488,1737,1
2025-05-25T19:32:17.340565,1722,1
2025-05-25T19:32:18.383810,1722,1
2025-05-25T19:32:19.423288,1722,1
2025-05-25T19:32:20.454643,1766,1
2025-05-25T19:32:21.493728,1766,1
2025-05-25T19:32:22.538445,1766,1
2025-05-25T19:32:23.570157,1746,1
2025-05-25T19:32:24.639510,1746,1
2025-05-25T19:32:25.670431,1753,1
2025-05-25T19:32:26.702755,1739,1
2025-05-25T19:32:27.732952,1739,1
2025-05-25T19:32:28.763669,1739,1
2025-05-25T19:32:29.801339,1836,1
2025-05-25T19:32:30.833724,1836,1
2025-05-25T19:32:31.887161,1836,1
2025-05-25T19:32:32.939286,1774,1
2025-05-25T19:32:33.970043,1774,1
2025-05-25T19:32:35.018452,1774,1
2025-05-25T19:32:36.050135,1767,1
2025-05-25T19:32:37.083609,1767,1
2025-05-25T19:32:38.137888,1767,1
2025-05-25T19:32:39.178191,1730,1
2025-05-25T19:32:40.233501,1730,1
2025-05-25T19:32:41.275063,1730,1
2025-05-25T19:32:42.326514,1784,1
2025-05-25T19:32:43.375999,1784,1
2025-05-25T19:32:44.424824,1784,1
2025-05-25T19:32:45.459302,1770,1
2025-05-25T19:32:50.169085,1804,0
2025-05-25T19:32:51.199668,1795,0
2025-05-25T19:32:52.232836,1795,0
2025-05-25T19:32:53.291834,1795,0
2025-05-25T19:32:54.336537,1685,0
2025-05-25T19:32:55.365700,1685,0
2025-05-25T19:32:56.397018,1685,0
2025-05-25T19:32:57.425774,1721,0
2025-05-25T19:32:58.456579,1721,0
2025-05-25T19:32:59.486047,1632,0
2025-05-25T19:33:00.529409,1632,0
2025-05-25T19:33:01.560149,1720,0
2025-05-25T19:33:02.600623,1720,0
2025-05-25T19:33:03.630678,1720,0
2025-05-25T19:33:04.678149,1673,0
2025-05-25T19:33:05.708276,1632,0
2025-05-25T19:33:06.738802,1632,0
2025-05-25T19:33:07.768211,1632,0
2025-05-25T19:33:08.797798,1709,0
2025-05-25T19:33:09.835394,1709,0
2025-05-25T19:33:10.865108,1709,0
2025-05-25T19:33:11.895664,1715,0
2025-05-25T19:33:12.944701,1715,0
2025-05-25T19:33:13.974395,1715,0
2025-05-25T19:33:15.018415,1679,0
2025-05-25T19:33:16.048897,1679,0
2025-05-25T19:33:17.080831,1671,0
2025-05-25T19:33:18.111119,1671,0
2025-05-25T19:33:19.149264,1671,0
2025-05-25T19:33:20.182801,1703,0
2025-05-25T19:33:21.213283,1703,0
2025-05-25T19:33:22.278201,1703,0
2025-05-25T19:33:23.317864,1698,0
2025-05-25T19:33:24.352699,1698,0
2025-05-25T19:33:25.383208,1698,0
2025-05-25T19:33:26.413006,1638,0
2025-05-25T19:33:27.456535,1638,0
2025-05-25T19:33:28.486208,1686,0
2025-05-25T19:33:29.542685,1686,0
2025-05-25T19:33:30.589882,1686,0
2025-05-25T19:33:31.620963,1742,0
2025-05-25T19:33:32.661481,1742,0
2025-05-25T19:33:33.690842,1660,0
2025-05-25T19:33:34.721338,1660,0
2025-05-25T19:33:35.802521,1660,0
2025-05-25T19:33:36.837651,1696,0
2025-05-25T19:33:37.867851,1696,0
2025-05-25T19:33:38.898841,1759,0
2025-05-25T19:33:39.930883,1759,0
2025-05-25T19:33:40.968353,1671,0
2025-05-25T19:33:41.999087,1671,0
2025-05-25T19:33:43.058635,1671,0
2025-05-25T19:33:44.109910,1667,0
2025-05-25T19:33:45.140542,1667,0
2025-05-25T19:33:46.172898,1660,0
2025-05-25T19:33:47.202536,1660,0
2025-05-25T19:33:48.244413,1707,0
2025-05-25T19:33:49.278814,1707,0
2025-05-25T19:33:50.323150,1707,0
2025-05-25T19:33:51.352297,1688,0
2025-05-25T19:33:52.401872,1688,0
2025-05-25T19:33:53.437672,1695,0
2025-05-25T19:33:54.482067,1695,0
2025-05-25T19:33:55.511537,1695,0
2025-05-25T19:33:56.541973,1678,0
2025-05-25T19:33:57.594899,1678,0
2025-05-25T19:33:58.646514,1678,0
2025-05-25T19:33:59.687413,1683,0
2025-05-25T19:34:00.717862,1683,0
2025-05-25T19:34:01.763648,1687,0
2025-05-25T19:34:02.859930,1687,0
2025-05-25T19:34:03.890920,1679,0
2025-05-25T19:34:04.920670,1679,0
2025-05-25T19:34:05.960127,1679,0
2025-05-25T19:34:07.018007,1628,0
2025-05-25T19:34:08.073855,1628,0
2025-05-25T19:34:09.103092,1628,0
2025-05-25T19:34:10.133779,1665,0
2025-05-25T19:34:11.176104,1665,0
2025-05-25T19:34:12.207549,1767,0
2025-05-25T19:34:13.239856,1767,0
2025-05-25T19:34:14.299879,1689,0
2025-05-25T19:34:15.337195,1689,0
2025-05-25T19:34:16.367534,1689,0
2025-05-25T19:34:17.403414,1673,0
2025-05-25T19:34:18.432926,1673,0
2025-05-25T19:34:19.469788,1733,0
2025-05-25T19:34:20.504566,1733,0
2025-05-25T19:34:21.567497,1752,0
2025-05-25T19:34:22.614074,1752,0
2025-05-25T19:34:23.644834,1752,0
2025-05-25T19:34:24.675989,1709,0
2025-05-25T19:34:25.710730,1709,0
2025-05-25T19:34:26.740501,1666,0
2025-05-25T19:34:27.769738,1666,0
2025-05-25T19:34:28.842111,1733,0
2025-05-25T19:34:29.886495,1733,0
2025-05-25T19:34:30.915691,1733,0
2025-05-25T19:34:31.945929,1663,0
2025-05-25T19:34:32.975802,1663,0
2025-05-25T19:34:34.016594,1663,0
2025-05-25T19:34:35.046173,1679,0
2025-05-25T19:34:36.097054,1679,0
2025-05-25T19:34:37.144109,1679,0
2025-05-25T19:34:38.174329,1699,0
2025-05-25T19:34:39.203477,1699,0
2025-05-25T19:34:40.233689,1730,0
2025-05-25T19:34:41.265350,1730,0
2025-05-25T19:34:42.294865,1704,0
2025-05-25T19:34:43.327816,1704,0
2025-05-25T19:34:44.358069,1704,0
2025-05-25T19:34:45.388816,1751,0
2025-05-25T19:34:46.435657,1751,0
2025-05-25T19:34:47.467878,1751,0
2025-05-25T19:34:48.511025,1675,0
2025-05-25T19:34:49.541199,1675,0
2025-05-25T19:34:50.573344,1714,0
2025-05-25T19:34:51.602556,1714,0
2025-05-25T19:34:52.638876,1715,0
2025-05-25T19:34:53.671509,1715,0
2025-05-25T19:34:54.702272,1715,0
2025-05-25T19:34:55.770337,1717,0
2025-05-25T19:34:56.806522,1677,0
2025-05-25T19:34:57.843187,1677,0
2025-05-25T19:34:58.872520,1713,0
2025-05-25T19:34:59.903006,1713,0
2025-05-25T19:35:00.944949,1713,0
2025-05-25T19:35:01.975843,1713,0
2025-05-25T19:35:03.007356,1713,0
2025-05-25T19:35:04.057190,1657,0
2025-05-25T19:35:05.103339,1657,0
2025-05-25T19:35:06.134019,1657,0
2025-05-25T19:35:07.163473,1680,0
2025-05-25T19:35:08.196904,1680,0
2025-05-25T19:35:09.227291,1680,0
2025-05-25T19:35:10.258694,1650,0
2025-05-25T19:35:11.293392,1650,0
2025-05-25T19:35:12.325041,1667,0
2025-05-25T19:35:13.366763,1667,0
2025-05-25T19:35:14.414441,1640,0
2025-05-25T19:35:15.458420,1640,0
2025-05-25T19:35:16.490309,1640,0
2025-05-25T19:35:17.520388,1703,0
2025-05-25T19:35:18.562602,1703,0
2025-05-25T19:35:19.592979,1753,0
2025-05-25T19:35:20.642311,1753,0
2025-05-25T19:35:21.690757,1753,0
2025-05-25T19:35:22.727367,1664,0
2025-05-25T19:35:23.766123,1664,0
2025-05-25T19:35:24.797583,1668,0
2025-05-25T19:35:25.827567,1668,0
2025-05-25T19:35:26.894822,1669,0
2025-05-25T19:35:27.942295,1669,0
2025-05-25T19:35:28.976135,1712,0
2025-05-25T19:35:30.005499,1712,0
2025-05-25T19:35:31.035310,1712,0
2025-05-25T19:35:32.073210,1678,0
2025-05-25T19:35:33.103262,1678,0
2025-05-25T19:35:34.158740,1732,0
2025-05-25T19:35:35.225084,1732,0
2025-05-25T19:35:36.255899,1709,0
2025-05-25T19:35:37.286582,1709,0
2025-05-25T19:35:38.317038,1709,0
2025-05-25T19:35:39.347756,1666,0
2025-05-25T19:35:40.379938,1666,0
2025-05-25T19:35:41.427501,1725,0
2025-05-25T19:35:42.480453,1725,0
2025-05-25T19:35:43.509018,1667,0
2025-05-25T19:35:44.538990,1667,0
2025-05-25T19:35:45.568915,1667,0
2025-05-25T19:35:46.604689,1677,0
2025-05-25T19:35:47.635100,1677,0
2025-05-25T19:35:48.665121,1685,0
2025-05-25T19:35:49.694469,1685,0
2025-05-25T19:35:50.725049,1685,1
2025-05-25T19:35:51.769498,1695,1
2025-05-25T19:35:52.819113,1695,1
2025-05-25T19:35:53.848192,1697,1
2025-05-25T19:35:54.897439,1697,1
2025-05-25T19:35:55.935276,1697,1
2025-05-25T19:35:56.967630,1790,1
2025-05-25T19:35:58.013960,1790,1
2025-05-25T19:35:59.064224,1790,1
2025-05-25T19:36:00.099052,1735,1
2025-05-25T19:36:01.129502,1735,1
2025-05-25T19:36:02.161795,1735,1
2025-05-25T19:36:03.200229,1756,1
2025-05-25T19:36:04.232097,1756,1
2025-05-25T19:36:05.288613,1756,1
2025-05-25T19:36:06.334584,1788,1
2025-05-25T19:36:07.368939,1788,1
2025-05-25T19:36:08.409392,1788,1
2025-05-25T19:36:09.439179,1767,1
2025-05-25T19:36:10.484433,1767,1
2025-05-25T19:36:11.529371,1767,1
2025-05-25T19:36:12.661188,1695,1
2025-05-25T19:36:13.712024,1695,1
2025-05-25T19:36:14.760406,1711,1
2025-05-25T19:36:15.807830,1708,1
2025-05-25T19:36:16.837547,1708,1
2025-05-25T19:36:17.878397,1708,1
2025-05-25T19:36:18.929776,1709,1
2025-05-25T19:36:19.959973,1709,1
2025-05-25T19:36:20.992386,1709,1
2025-05-25T19:36:22.022719,1742,1
2025-05-25T19:36:23.052402,1742,1
2025-05-25T19:36:24.084708,1742,1
2025-05-25T19:36:25.121171,1781,1
2025-05-25T19:36:26.152369,1781,1
2025-05-25T19:36:27.244488,1781,1
2025-05-25T19:36:28.294971,1774,1
2025-05-25T19:36:29.330513,1774,1
2025-05-25T19:36:30.378450,1774,1
2025-05-25T19:36:31.427311,1699,1
2025-05-25T19:36:32.458410,1699,1
2025-05-25T19:36:33.489787,1699,1
2025-05-25T19:36:34.535003,1715,1
2025-05-25T19:36:35.568199,1715,1
2025-05-25T19:36:36.618415,1731,1
2025-05-25T19:36:37.668429,1731,1
2025-05-25T19:36:38.699974,1740,1
2025-05-25T19:36:39.733166,1740,1
2025-05-25T19:36:40.765090,1784,1
2025-05-25T19:36:41.795100,1784,1
2025-05-25T19:36:42.837950,1784,1
2025-05-25T19:36:43.868910,1813,1
2025-05-25T19:36:44.923053,1813,1
2025-05-25T19:36:45.967443,1813,1
2025-05-25T19:36:46.997639,1727,1
2025-05-25T19:36:48.041800,1727,1
2025-05-25T19:36:49.080064,1727,1
2025-05-25T19:36:50.113226,1785,1
2025-05-25T19:36:54.095022,1791,0
2025-05-25T19:36:55.124404,1791,0
2025-05-25T19:36:56.155216,1706,0
2025-05-25T19:36:57.198469,1706,0
2025-05-25T19:36:58.227612,1706,0
2025-05-25T19:36:59.276940,1697,0
2025-05-25T19:37:00.313625,1697,0
2025-05-25T19:37:01.342944,1689,0
2025-05-25T19:37:02.372195,1689,0
2025-05-25T19:37:03.404078,1712,0
2025-05-25T19:37:04.433789,1712,0
2025-05-25T19:37:05.471047,1712,0
2025-05-25T19:37:06.519111,1676,0
2025-05-25T19:37:07.549351,1676,0
2025-05-25T19:37:08.593827,1652,0
2025-05-25T19:37:09.625501,1652,0
2025-05-25T19:37:10.667782,1738,0
2025-05-25T19:37:11.696949,1738,0
2025-05-25T19:37:12.726599,1738,0
2025-05-25T19:37:13.791974,1713,0
2025-05-25T19:37:14.843575,1705,0
2025-05-25T19:37:15.873854,1705,0
2025-05-25T19:37:16.904516,1707,0
2025-05-25T19:37:17.935887,1707,0
2025-05-25T19:37:18.978321,1707,0
2025-05-25T19:37:20.007714,1692,0
2025-05-25T19:37:21.037001,1692,0
2025-05-25T19:37:22.081793,1744,0
2025-05-25T19:37:23.119168,1744,0
2025-05-25T19:37:24.166500,1681,0
2025-05-25T19:37:25.207585,1681,0
2025-05-25T19:37:26.288162,1681,0
2025-05-25T19:37:27.336614,1713,0
2025-05-25T19:37:28.365107,1713,0
2025-05-25T19:37:29.396282,1655,0
2025-05-25T19:37:30.427470,1655,0
2025-05-25T19:37:31.460657,1655,0
2025-05-25T19:37:32.490026,1673,0
2025-05-25T19:37:33.521503,1673,0
2025-05-25T19:37:34.554768,1673,0
2025-05-25T19:37:35.598706,1669,0
2025-05-25T19:37:36.658292,1669,0
2025-05-25T19:37:37.694088,1675,0
2025-05-25T19:37:38.723571,1675,0
2025-05-25T19:37:39.752844,1646,0
2025-05-25T19:37:40.796535,1646,0
2025-05-25T19:37:41.826360,1710,0
2025-05-25T19:37:42.873315,1710,0
2025-05-25T19:37:43.924334,1690,0
2025-05-25T19:37:44.956280,1690,0
2025-05-25T19:37:46.012577,1765,0
2025-05-25T19:37:47.041805,1765,0
2025-05-25T19:37:48.073398,1765,0
2025-05-25T19:37:49.135524,1777,0
2025-05-25T19:37:50.169225,1777,0
2025-05-25T19:37:51.210525,1777,0
2025-05-25T19:37:52.241640,1670,0
2025-05-25T19:37:53.270838,1670,0
2025-05-25T19:37:54.309054,1681,0
2025-05-25T19:37:55.342138,1681,0
2025-05-25T19:37:56.386303,1703,0
2025-05-25T19:37:57.420573,1703,0
2025-05-25T19:37:58.465948,1703,0
2025-05-25T19:37:59.495965,1729,0
2025-05-25T19:38:00.525298,1729,0
2025-05-25T19:38:01.555419,1691,0
2025-05-25T19:38:02.586794,1691,0
2025-05-25T19:38:03.616414,1725,0
2025-05-25T19:38:04.693931,1725,0
2025-05-25T19:38:05.736655,1725,0
2025-05-25T19:38:06.767271,1712,0
2025-05-25T19:38:07.796097,1673,0
2025-05-25T19:38:08.826594,1673,0
2025-05-25T19:38:09.856841,1715,0
2025-05-25T19:38:10.887678,1715,0
2025-05-25T19:38:11.925915,1715,0
2025-05-25T19:38:12.955394,1693,0
2025-05-25T19:38:14.005178,1693,0
2025-05-25T19:38:15.054899,1674,0
2025-05-25T19:38:16.087337,1674,0
2025-05-25T19:38:17.135539,1770,0
2025-05-25T19:38:18.165593,1770,0
2025-05-25T19:38:19.195741,1770,0
2025-05-25T19:38:20.245196,1737,0
2025-05-25T19:38:21.276294,1737,0
2025-05-25T19:38:22.339821,1651,0
2025-05-25T19:38:23.369430,1651,0
2025-05-25T19:38:24.400315,1651,0
2025-05-25T19:38:25.438942,1649,0
2025-05-25T19:38:26.468621,1649,0
2025-05-25T19:38:27.498400,1649,0
2025-05-25T19:38:28.546707,1690,0
2025-05-25T19:38:29.591686,1690,0
2025-05-25T19:38:30.623833,1690,0
2025-05-25T19:38:31.658708,1720,0
2025-05-25T19:38:32.688951,1720,0
2025-05-25T19:38:33.718275,1689,0
2025-05-25T19:38:34.748593,1689,0
2025-05-25T19:38:35.786821,1689,0
2025-05-25T19:38:36.837470,1702,0
2025-05-25T19:38:37.869136,1702,0
2025-05-25T19:38:38.911457,1689,0
2025-05-25T19:38:39.952591,1689,0
2025-05-25T19:38:40.982406,1689,0
2025-05-25T19:38:42.011763,1717,0
2025-05-25T19:38:43.057521,1717,0
2025-05-25T19:38:44.126669,1649,0
2025-05-25T19:38:45.159499,1649,0
2025-05-25T19:38:46.188959,1649,0
2025-05-25T19:38:47.220562,1680,0
2025-05-25T19:38:48.259841,1680,0
2025-05-25T19:38:49.289789,1680,0
2025-05-25T19:38:50.320458,1698,0
2025-05-25T19:38:51.376699,1698,0
2025-05-25T19:38:52.408981,1698,0
2025-05-25T19:38:53.471303,1680,0
2025-05-25T19:38:54.502389,1680,0
2025-05-25T19:38:55.531959,1665,0
2025-05-25T19:38:56.567010,1665,0
2025-05-25T19:38:57.597223,1747,0
2025-05-25T19:38:58.628197,1747,0
2025-05-25T19:38:59.677629,1747,0
2025-05-25T19:39:00.725483,1729,0
2025-05-25T19:39:01.776320,1729,0
2025-05-25T19:39:02.816377,1709,0
2025-05-25T19:39:03.845605,1736,0
2025-05-25T19:39:04.904266,1736,0
2025-05-25T19:39:05.946086,1736,0
2025-05-25T19:39:06.984468,1754,0
2025-05-25T19:39:08.014716,1754,0
2025-05-25T19:39:09.044146,1754,0
2025-05-25T19:39:10.080199,1645,0
2025-05-25T19:39:11.109630,1645,0
2025-05-25T19:39:12.140776,1710,0
2025-05-25T19:39:13.190834,1710,0
2025-05-25T19:39:14.241301,1710,0
2025-05-25T19:39:15.285205,1645,0
2025-05-25T19:39:16.315389,1645,0
2025-05-25T19:39:17.346276,1645,0
2025-05-25T19:39:18.388391,1698,0
2025-05-25T19:39:19.438460,1698,0
2025-05-25T19:39:20.488665,1698,0
2025-05-25T19:39:21.524765,1694,0
2025-05-25T19:39:22.554083,1694,0
2025-05-25T19:39:23.591508,1676,0
2025-05-25T19:39:24.621216,1676,0
2025-05-25T19:39:25.651954,1705,0
2025-05-25T19:39:26.721748,1705,0
2025-05-25T19:39:27.755920,1705,0
2025-05-25T19:39:28.796588,1647,0
2025-05-25T19:39:29.826005,1667,0
2025-05-25T19:39:30.856682,1667,0
2025-05-25T19:39:31.900089,1667,0
2025-05-25T19:39:32.964742,1702,0
2025-05-25T19:39:34.009108,1702,0
2025-05-25T19:39:35.038227,1702,0
2025-05-25T19:39:36.067572,1717,0
2025-05-25T19:39:37.116692,1717,0
2025-05-25T19:39:38.147496,1717,0
2025-05-25T19:39:39.175749,1698,0
2025-05-25T19:39:40.226754,1698,0
2025-05-25T19:39:41.281138,1702,0
2025-05-25T19:39:42.311049,1702,0
2025-05-25T19:39:43.340747,1702,0
2025-05-25T19:39:44.371216,1696,0
2025-05-25T19:39:45.411112,1696,0
2025-05-25T19:39:46.440514,1696,0
2025-05-25T19:39:47.472409,1650,0
2025-05-25T19:39:48.522578,1650,0
2025-05-25T19:39:49.566800,1650,0
2025-05-25T19:39:50.596627,1737,0
2025-05-25T19:39:51.626635,1737,0
2025-05-25T19:39:52.656219,1778,0
2025-05-25T19:39:53.685747,1778,0
2025-05-25T19:39:54.719449,1794,1
2025-05-25T19:39:55.750768,1794,1
2025-05-25T19:39:56.782751,1794,1
2025-05-25T19:39:57.834981,1706,1
2025-05-25T19:39:58.865541,1706,1
2025-05-25T19:39:59.919074,1783,1
2025-05-25T19:40:00.958850,1783,1
2025-05-25T19:40:01.991172,1783,1
2025-05-25T19:40:03.030948,1797,1
2025-05-25T19:40:04.061419,1797,1
2025-05-25T19:40:05.117126,1797,1
2025-05-25T19:40:06.160158,1785,1
2025-05-25T19:40:07.201383,1785,1
2025-05-25T19:40:08.232782,1785,1
2025-05-25T19:40:09.263084,1748,1
2025-05-25T19:40:10.295372,1748,1
2025-05-25T19:40:11.369381,1748,1
2025-05-25T19:40:12.414077,1772,1
2025-05-25T19:40:13.443729,1772,1
2025-05-25T19:40:14.491855,1772,1
2025-05-25T19:40:15.521732,1749,1
2025-05-25T19:40:16.551913,1749,1
2025-05-25T19:40:17.600444,1749,1
2025-05-25T19:40:18.656198,1733,1
2025-05-25T19:40:19.687620,1733,1
2025-05-25T19:40:20.718542,1733,1
2025-05-25T19:40:21.752438,1698,1
2025-05-25T19:40:22.799747,1698,1
2025-05-25T19:40:23.886121,1719,1
2025-05-25T19:40:24.917319,1719,1
2025-05-25T19:40:25.955646,1766,1
2025-05-25T19:40:26.986372,1766,1
2025-05-25T19:40:28.022484,1772,1
2025-05-25T19:40:29.087681,1772,1
2025-05-25T19:40:30.120506,1772,1
2025-05-25T19:40:31.159296,1733,1
2025-05-25T19:40:32.189845,1733,1
2025-05-25T19:40:33.220888,1733,1
2025-05-25T19:40:34.261772,1703,1
2025-05-25T19:40:35.291896,1703,1
2025-05-25T19:40:36.338702,1703,1
2025-05-25T19:40:37.392600,1801,1
2025-05-25T19:40:38.423947,1801,1
2025-05-25T19:40:39.467841,1801,1
2025-05-25T19:40:40.498723,1737,1
2025-05-25T19:40:41.559791,1737,1
2025-05-25T19:40:42.593067,1737,1
2025-05-25T19:40:43.645905,1734,1
2025-05-25T19:40:44.675440,1734,1
2025-05-25T19:40:45.706463,1752,1
2025-05-25T19:40:46.736113,1752,1
2025-05-25T19:40:47.817144,1712,1
2025-05-25T19:40:48.858684,1712,1
2025-05-25T19:40:49.890819,1724,1
2025-05-25T19:40:50.921870,1724,1
2025-05-25T19:40:51.951840,1687,1
2025-05-25T19:40:52.981732,1687,1
2025-05-25T19:40:54.013515,1720,1
2025-05-25T19:41:20.787582,1655,0
2025-05-25T19:41:21.837890,1655,0
2025-05-25T19:41:22.869642,1690,0
2025-05-25T19:41:23.908911,1690,0
2025-05-25T19:41:24.979140,1690,0
2025-05-25T19:41:26.049532,1651,0
2025-05-25T19:41:27.080731,1651,0
2025-05-25T19:41:28.111594,1716,0
2025-05-25T19:41:29.142691,1716,0
2025-05-25T19:41:30.174566,1694,0
2025-05-25T19:41:31.229806,1694,0
2025-05-25T19:41:32.276819,1694,0
2025-05-25T19:41:33.320309,1729,0
2025-05-25T19:41:34.351709,1729,0
2025-05-25T19:41:35.450967,1708,0
2025-05-25T19:41:36.482416,1708,0
2025-05-25T19:41:37.535982,1713,0
2025-05-25T19:41:38.565740,1713,0
2025-05-25T19:41:39.596667,1713,0
2025-05-25T19:41:40.660215,1688,0
2025-05-25T19:41:41.702005,1688,0
2025-05-25T19:41:42.733893,1697,0
2025-05-25T19:41:43.763978,1697,0
2025-05-25T19:41:44.794729,1655,0
2025-05-25T19:41:45.831412,1655,0
2025-05-25T19:41:46.863289,1694,0
2025-05-25T19:41:47.894613,1694,0
2025-05-25T19:41:48.956472,1687,0
2025-05-25T19:41:49.991830,1687,0
2025-05-25T19:41:51.088074,1687,0
2025-05-25T19:41:52.119368,1666,0
2025-05-25T19:41:53.166588,1666,0
2025-05-25T19:41:54.196018,1666,0
2025-05-25T19:41:55.241193,1681,0
2025-05-25T19:41:56.272225,1681,0
2025-05-25T19:41:57.304519,1681,0
2025-05-25T19:41:58.369700,1812,0
2025-05-25T19:41:59.413443,1812,0
2025-05-25T19:42:00.443977,1812,0
2025-05-25T19:42:01.475849,1726,0
2025-05-25T19:42:02.507052,1726,0
2025-05-25T19:42:03.546866,1690,0
2025-05-25T19:42:04.577188,1690,0
2025-05-25T19:42:05.607158,1688,0
2025-05-25T19:42:06.659866,1688,0
2025-05-25T19:42:07.710292,1688,0
2025-05-25T19:42:08.750474,1695,0
2025-05-25T19:42:09.780504,1695,0
2025-05-25T19:42:10.811766,1716,0
2025-05-25T19:42:11.854857,1682,0
2025-05-25T19:42:12.899870,1682,0
2025-05-25T19:42:13.932960,1682,0
2025-05-25T19:42:14.975734,1694,0
2025-05-25T19:42:16.008182,1694,0
2025-05-25T19:42:17.038662,1619,0
2025-05-25T19:42:18.071054,1619,0
2025-05-25T19:42:19.106446,1619,0
2025-05-25T19:42:20.136108,1692,0
2025-05-25T19:42:21.167717,1692,0
2025-05-25T19:42:22.197130,1692,0
2025-05-25T19:42:23.253578,1723,0
2025-05-25T19:42:24.302000,1723,0
2025-05-25T19:42:25.333138,1723,0
2025-05-25T19:42:26.367232,1689,0
2025-05-25T19:42:27.399200,1689,0
2025-05-25T19:42:28.430066,1724,0
2025-05-25T19:42:29.500437,1724,0
2025-05-25T19:42:30.540603,1724,0
2025-05-25T19:42:31.571452,1615,0
2025-05-25T19:42:32.601531,1615,0
2025-05-25T19:42:33.633179,1615,0
2025-05-25T19:42:34.676686,1718,0
2025-05-25T19:42:35.704974,1718,0
2025-05-25T19:42:36.735905,1718,0
2025-05-25T19:42:37.787717,1691,0
2025-05-25T19:42:38.834777,1691,0
2025-05-25T19:42:39.864975,1677,0
2025-05-25T19:42:40.896328,1677,0
2025-05-25T19:42:41.928672,1676,0
2025-05-25T19:42:42.958179,1676,0
2025-05-25T19:42:43.990272,1676,0
2025-05-25T19:42:45.019733,1663,0
2025-05-25T19:42:46.077809,1663,0
2025-05-25T19:42:47.107918,1663,0
2025-05-25T19:42:48.155345,1710,0
2025-05-25T19:42:49.188169,1710,0
2025-05-25T19:42:50.218087,1720,0
2025-05-25T19:42:51.249039,1720,0
2025-05-25T19:42:52.291185,1733,0
2025-05-25T19:42:53.320704,1733,0
2025-05-25T19:42:54.350612,1733,0
2025-05-25T19:42:55.401921,1680,0
2025-05-25T19:42:56.461018,1680,0
2025-05-25T19:42:57.513554,1686,0
2025-05-25T19:42:58.543688,1686,0
2025-05-25T19:42:59.573229,1686,0
2025-05-25T19:43:00.632138,1684,0
2025-05-25T19:43:01.668143,1684,0
2025-05-25T19:43:02.699522,1684,0
2025-05-25T19:43:03.728751,1704,0
2025-05-25T19:43:04.757988,1704,0
2025-05-25T19:43:05.787458,1704,0
2025-05-25T19:43:06.818209,1717,0
2025-05-25T19:43:07.847152,1717,0
2025-05-25T19:43:08.877791,1720,0
2025-05-25T19:43:09.914110,1702,0
2025-05-25T19:43:10.973819,1702,0
2025-05-25T19:43:12.015806,1702,0
2025-05-25T19:43:13.045498,1679,0
2025-05-25T19:43:14.075482,1679,0
2025-05-25T19:43:15.111802,1742,0
2025-05-25T19:43:16.145374,1742,0
2025-05-25T19:43:17.174385,1711,0
2025-05-25T19:43:18.229278,1711,0
2025-05-25T19:43:19.262040,1711,0
2025-05-25T19:43:20.312226,1735,0
2025-05-25T19:43:21.342018,1735,0
2025-05-25T19:43:22.371327,1634,0
2025-05-25T19:43:23.401458,1634,0
2025-05-25T19:43:24.431107,1634,0
2025-05-25T19:43:25.460144,1671,0
2025-05-25T19:43:26.490896,1671,0
2025-05-25T19:43:27.522648,1671,0
2025-05-25T19:43:28.552158,1695,0
2025-05-25T19:43:29.599164,1695,0
2025-05-25T19:43:30.630092,1683,0
2025-05-25T19:43:31.676782,1683,0
2025-05-25T19:43:32.706467,1694,0
2025-05-25T19:43:33.736680,1694,0
2025-05-25T19:43:34.765907,1694,0
2025-05-25T19:43:35.795114,1659,0
2025-05-25T19:43:36.869845,1659,0
2025-05-25T19:43:37.902607,1683,0
2025-05-25T19:43:38.952561,1683,0
2025-05-25T19:43:39.982825,1627,0
2025-05-25T19:43:41.012863,1627,0
2025-05-25T19:43:42.042672,1627,0
2025-05-25T19:43:43.071969,1605,0
2025-05-25T19:43:44.149940,1605,0
2025-05-25T19:43:45.192936,1702,0
2025-05-25T19:43:46.224365,1702,0
2025-05-25T19:43:47.253853,1702,0
2025-05-25T19:43:48.285469,1671,0
2025-05-25T19:43:49.315295,1671,0
2025-05-25T19:43:50.360142,1671,0
2025-05-25T19:43:51.389212,1702,0
2025-05-25T19:43:52.431945,1702,0
2025-05-25T19:43:53.461832,1683,0
2025-05-25T19:43:54.505183,1683,0
2025-05-25T19:43:55.541315,1683,0
2025-05-25T19:43:56.573058,1668,0
2025-05-25T19:43:57.602428,1668,0
2025-05-25T19:43:58.632737,1668,0
2025-05-25T19:43:59.663430,1681,0
2025-05-25T19:44:00.692777,1681,0
2025-05-25T19:44:01.723093,1681,0
2025-05-25T19:44:02.778585,1765,0
2025-05-25T19:44:03.826735,1765,0
2025-05-25T19:44:04.863759,1750,0
2025-05-25T19:44:05.905865,1707,0
2025-05-25T19:44:06.947024,1707,0
2025-05-25T19:44:07.977045,1707,0
2025-05-25T19:44:09.027003,1689,0
2025-05-25T19:44:10.078323,1689,0
2025-05-25T19:44:11.108466,1689,0
2025-05-25T19:44:12.137946,1692,0
2025-05-25T19:44:13.172602,1692,0
2025-05-25T19:44:14.209831,1769,0
2025-05-25T19:44:15.238824,1769,0
2025-05-25T19:44:16.317429,1679,0
2025-05-25T19:44:17.347843,1679,0
2025-05-25T19:44:18.377581,1679,0
2025-05-25T19:44:19.408855,1699,0
2025-05-25T19:44:20.439824,1699,0
2025-05-25T19:44:21.481164,1729,1
2025-05-25T19:44:22.510869,1729,1
2025-05-25T19:44:23.541294,1731,1
2025-05-25T19:44:24.588652,1731,1
2025-05-25T19:44:25.637216,1731,1
2025-05-25T19:44:26.682317,1770,1
2025-05-25T19:44:27.729279,1770,1
2025-05-25T19:44:28.759473,1770,1
2025-05-25T19:44:29.789252,1701,1
2025-05-25T19:44:30.852953,1701,1
2025-05-25T19:44:31.888979,1776,1
2025-05-25T19:44:32.920712,1736,1
2025-05-25T19:44:33.976320,1736,1
2025-05-25T19:44:35.005756,1736,1
2025-05-25T19:44:36.052526,1769,1
2025-05-25T19:44:37.112072,1769,1
2025-05-25T19:44:38.144864,1769,1
2025-05-25T19:44:39.191292,1679,1
2025-05-25T19:44:40.221687,1679,1
2025-05-25T19:44:41.256851,1679,1
2025-05-25T19:44:42.314632,1781,1
2025-05-25T19:44:43.359400,1781,1
2025-05-25T19:44:44.401642,1781,1
2025-05-25T19:44:45.446083,1705,1
2025-05-25T19:44:46.481613,1705,1
2025-05-25T19:44:47.532930,1705,1
2025-05-25T19:44:48.587776,1693,1
2025-05-25T19:44:49.626635,1693,1
2025-05-25T19:44:50.676391,1739,1
2025-05-25T19:44:51.722081,1739,1
2025-05-25T19:44:52.778740,1713,1
2025-05-25T19:44:53.809350,1713,1
2025-05-25T19:44:54.839014,1713,1
2025-05-25T19:44:55.873823,1763,1
2025-05-25T19:44:56.910547,1763,1
2025-05-25T19:44:57.941647,1724,1
2025-05-25T19:44:58.994813,1724,1
2025-05-25T19:45:00.027123,1724,1
2025-05-25T19:45:01.068907,1755,1
2025-05-25T19:45:02.101360,1755,1
2025-05-25T19:45:03.135460,1837,1
2025-05-25T19:45:04.166730,1837,1
2025-05-25T19:45:05.198376,1732,1
2025-05-25T19:45:06.235922,1732,1
2025-05-25T19:45:07.288991,1869,1
2025-05-25T19:45:08.343898,1869,1
2025-05-25T19:45:09.374122,1869,1
2025-05-25T19:45:10.406472,1743,1
2025-05-25T19:45:11.487542,1743,1
2025-05-25T19:45:12.535609,1743,1
2025-05-25T19:45:13.565666,1712,1
2025-05-25T19:45:14.603049,1712,1
2025-05-25T19:45:15.632474,1712,1
2025-05-25T19:45:16.666905,1733,1
2025-05-25T19:45:17.732016,1733,1
2025-05-25T19:45:18.764327,1733,1
2025-05-25T19:45:19.804656,1747,1
2025-05-25T19:45:39.899303,1738,0
2025-05-25T19:45:40.933890,1738,0
2025-05-25T19:45:41.972316,1684,0
2025-05-25T19:45:43.038863,1684,0
2025-05-25T19:45:44.079654,1684,0
2025-05-25T19:45:45.111353,1657,0
2025-05-25T19:45:46.142782,1657,0
2025-05-25T19:45:47.203487,1657,0
2025-05-25T19:45:48.244635,1625,0
2025-05-25T19:45:49.280003,1625,0
2025-05-25T19:45:50.327964,1703,0
2025-05-25T19:45:51.365610,1703,0
2025-05-25T19:45:52.398319,1703,0
2025-05-25T19:45:53.428912,1657,0
2025-05-25T19:45:54.465398,1657,0
2025-05-25T19:45:55.496807,1657,0
2025-05-25T19:45:56.540385,1657,0
2025-05-25T19:45:57.572760,1657,0
2025-05-25T19:45:58.627170,1674,0
2025-05-25T19:45:59.671170,1674,0
2025-05-25T19:46:00.701501,1706,0
2025-05-25T19:46:01.734351,1706,0
2025-05-25T19:46:02.785401,1706,0
2025-05-25T19:46:03.818813,1638,0
2025-05-25T19:46:04.874163,1638,0
2025-05-25T19:46:05.909417,1699,0
2025-05-25T19:46:06.938739,1703,0
2025-05-25T19:46:08.011848,1703,0
2025-05-25T19:46:09.043804,1703,0
2025-05-25T19:46:10.082168,1738,0
2025-05-25T19:46:11.138779,1738,0
2025-05-25T19:46:12.190492,1692,0
2025-05-25T19:46:13.238799,1692,0
2025-05-25T19:46:14.308057,1712,0
2025-05-25T19:46:15.343086,1712,0
2025-05-25T19:46:16.405769,1712,0
2025-05-25T19:46:17.440339,1724,0
2025-05-25T19:46:18.484804,1724,0
2025-05-25T19:46:19.528393,1695,0
2025-05-25T19:46:20.564345,1695,0
2025-05-25T19:46:21.595872,1850,0
2025-05-25T19:46:22.669556,1850,0
2025-05-25T19:46:23.709538,1850,0
2025-05-25T19:46:24.739802,1731,0
2025-05-25T19:46:25.772333,1731,0
2025-05-25T19:46:26.802295,1731,0
2025-05-25T19:46:27.834954,1712,0
2025-05-25T19:46:28.864557,1712,0
2025-05-25T19:46:29.899762,1712,0
2025-05-25T19:46:30.955586,1694,0
2025-05-25T19:46:31.999933,1709,0
2025-05-25T19:46:33.030934,1709,0
2025-05-25T19:46:34.091335,1724,0
2025-05-25T19:46:35.122366,1724,0
2025-05-25T19:46:36.173506,1724,0
2025-05-25T19:46:37.236148,1723,0
2025-05-25T19:46:38.266144,1723,0
2025-05-25T19:46:39.304717,1673,0
2025-05-25T19:46:40.335526,1673,0
2025-05-25T19:46:41.402799,1678,0
2025-05-25T19:46:42.453836,1678,0
2025-05-25T19:46:43.485322,1678,0
2025-05-25T19:46:44.529059,1687,0
2025-05-25T19:46:45.561504,1687,0
2025-05-25T19:46:46.592080,1698,0
2025-05-25T19:46:47.637997,1698,0
2025-05-25T19:46:48.668122,1698,0
2025-05-25T19:46:49.718886,1670,0
2025-05-25T19:46:50.749877,1670,0
2025-05-25T19:46:51.781099,1670,0
2025-05-25T19:46:52.823041,1698,0
2025-05-25T19:46:53.851811,1698,0
2025-05-25T19:46:54.884935,1693,0
2025-05-25T19:46:55.941533,1693,0
2025-05-25T19:46:56.982304,1632,0
2025-05-25T19:46:58.021945,1632,0
2025-05-25T19:46:59.053574,1632,0
2025-05-25T19:47:00.083353,1721,0
2025-05-25T19:47:01.124740,1721,0
2025-05-25T19:47:02.156539,1721,0
2025-05-25T19:47:03.210576,1743,0
2025-05-25T19:47:04.259989,1743,0
2025-05-25T19:47:05.289493,1645,0
2025-05-25T19:47:06.330496,1645,0
2025-05-25T19:47:07.361225,1785,0
2025-05-25T19:47:08.390546,1785,0
2025-05-25T19:47:09.462637,1785,0
2025-05-25T19:47:10.525005,1714,0
2025-05-25T19:47:11.554390,1714,0
2025-05-25T19:47:12.583721,1714,0
2025-05-25T19:47:13.615803,1734,0
2025-05-25T19:47:14.646721,1734,0
2025-05-25T19:47:15.677821,1734,0
2025-05-25T19:47:16.718655,1701,0
2025-05-25T19:47:17.753360,1701,0
2025-05-25T19:47:18.798697,1682,0
2025-05-25T19:47:19.828052,1682,0
2025-05-25T19:47:20.858537,1734,0
2025-05-25T19:47:21.887634,1734,0
2025-05-25T19:47:22.916992,1734,0
2025-05-25T19:47:23.953908,1711,0
2025-05-25T19:47:24.983838,1698,0
2025-05-25T19:47:26.014452,1698,0
2025-05-25T19:47:27.072124,1734,0
2025-05-25T19:47:28.115122,1734,0
2025-05-25T19:47:29.158191,1734,0
2025-05-25T19:47:30.188658,1724,0
2025-05-25T19:47:31.221506,1724,0
2025-05-25T19:47:32.259721,1701,0
2025-05-25T19:47:33.289816,1701,0
2025-05-25T19:47:34.339164,1701,0
2025-05-25T19:47:35.390729,1661,0
2025-05-25T19:47:36.420037,1661,0
2025-05-25T19:47:37.468896,1661,0
2025-05-25T19:47:38.498601,1738,0
2025-05-25T19:47:39.527758,1738,0
2025-05-25T19:47:40.582395,1738,0
2025-05-25T19:47:41.640561,1752,0
2025-05-25T19:47:42.671074,1752,0
2025-05-25T19:47:43.710705,1752,0
2025-05-25T19:47:44.741003,1708,0
2025-05-25T19:47:45.773805,1708,0
2025-05-25T19:47:46.804052,1670,0
2025-05-25T19:47:47.860902,1670,0
2025-05-25T19:47:48.908984,1747,0
2025-05-25T19:47:49.941162,1747,0
2025-05-25T19:47:50.976822,1670,0
2025-05-25T19:47:52.011003,1670,0
2025-05-25T19:47:53.040169,1705,0
2025-05-25T19:47:54.079490,1705,0
2025-05-25T19:47:55.131952,1705,0
2025-05-25T19:47:56.172827,1693,0
2025-05-25T19:47:57.202985,1693,0
2025-05-25T19:47:58.233000,1693,0
2025-05-25T19:47:59.262083,1701,0
2025-05-25T19:48:00.291962,1701,0
2025-05-25T19:48:01.321181,1701,0
2025-05-25T19:48:02.350653,1701,0
2025-05-25T19:48:03.387179,1701,0
2025-05-25T19:48:04.418056,1717,0
2025-05-25T19:48:05.462070,1717,0
2025-05-25T19:48:06.495744,1717,0
2025-05-25T19:48:07.544724,1709,0
2025-05-25T19:48:08.574379,1709,0
2025-05-25T19:48:09.604753,1709,0
2025-05-25T19:48:10.634977,1698,0
2025-05-25T19:48:11.665459,1698,0
2025-05-25T19:48:12.696402,1698,0
2025-05-25T19:48:13.726956,1648,0
2025-05-25T19:48:14.756173,1648,0
2025-05-25T19:48:15.804223,1684,0
2025-05-25T19:48:16.841937,1684,0
2025-05-25T19:48:17.932835,1684,0
2025-05-25T19:48:18.978616,1676,0
2025-05-25T19:48:20.010367,1676,0
2025-05-25T19:48:21.056419,1691,0
2025-05-25T19:48:22.087146,1691,0
2025-05-25T19:48:23.117361,1661,0
2025-05-25T19:48:24.149556,1661,0
2025-05-25T19:48:25.179027,1698,0
2025-05-25T19:48:26.209841,1698,0
2025-05-25T19:48:27.239374,1698,0
2025-05-25T19:48:28.268898,1715,0
2025-05-25T19:48:29.345820,1715,0
2025-05-25T19:48:30.376354,1753,0
2025-05-25T19:48:31.424972,1753,0
2025-05-25T19:48:32.454298,1689,0
2025-05-25T19:48:33.487564,1689,0
2025-05-25T19:48:34.517276,1689,0
2025-05-25T19:48:35.546835,1648,0
2025-05-25T19:48:36.590388,1648,0
2025-05-25T19:48:37.624491,1695,0
2025-05-25T19:48:38.670899,1695,0
2025-05-25T19:48:39.700393,1695,0
2025-05-25T19:48:40.874485,1705,1
2025-05-25T19:48:41.917367,1705,1
2025-05-25T19:48:42.954058,1739,1
2025-05-25T19:48:44.000707,1739,1
2025-05-25T19:48:45.031295,1739,1
2025-05-25T19:48:46.060720,1753,1
2025-05-25T19:48:47.103486,1753,1
2025-05-25T19:48:48.135207,1753,1
2025-05-25T19:48:49.166931,1776,1
2025-05-25T19:48:50.211378,1776,1
2025-05-25T19:48:51.242704,1776,1
2025-05-25T19:48:52.294987,1756,1
2025-05-25T19:48:53.336374,1756,1
2025-05-25T19:48:54.365871,1756,1
2025-05-25T19:48:55.398481,1746,1
2025-05-25T19:48:56.455886,1746,1
2025-05-25T19:48:57.485087,1738,1
2025-05-25T19:48:58.542439,1738,1
2025-05-25T19:48:59.577439,1772,1
2025-05-25T19:49:00.608279,1772,1
2025-05-25T19:49:01.648582,1772,1
2025-05-25T19:49:02.679123,1741,1
2025-05-25T19:49:03.709080,1741,1
2025-05-25T19:49:04.758364,1741,1
2025-05-25T19:49:05.806195,1787,1
2025-05-25T19:49:06.853519,1787,1
2025-05-25T19:49:07.883402,1787,1
2025-05-25T19:49:08.916339,1726,1
2025-05-25T19:49:09.976029,1726,1
2025-05-25T19:49:11.023499,1745,1
2025-05-25T19:49:12.053684,1745,1
2025-05-25T19:49:13.086144,1745,1
2025-05-25T19:49:14.128263,1807,1
2025-05-25T19:49:15.166114,1807,1
2025-05-25T19:49:16.196992,1807,1
2025-05-25T19:49:17.272717,1737,1
2025-05-25T19:49:18.302528,1737,1
2025-05-25T19:49:19.333368,1737,1
2025-05-25T19:49:20.364673,1788,1
2025-05-25T19:49:21.394457,1788,1
2025-05-25T19:49:22.425661,1821,1
2025-05-25T19:49:23.465802,1821,1
2025-05-25T19:49:24.496770,1821,1
2025-05-25T19:49:25.538233,1737,1
2025-05-25T19:49:26.590589,1737,1
2025-05-25T19:49:27.623334,1707,1
2025-05-25T19:49:28.657598,1707,1
2025-05-25T19:49:29.686920,1757,1
2025-05-25T19:49:30.728903,1757,1
2025-05-25T19:49:31.790878,1757,1
2025-05-25T19:49:32.834913,1778,1
2025-05-25T19:49:33.873636,1778,1
2025-05-25T19:49:34.910667,1778,1
2025-05-25T19:49:35.940745,1717,1
2025-05-25T19:49:36.978514,1717,1
2025-05-25T19:49:38.011605,1769,1
2025-05-25T19:49:39.066774,1769,1
2025-05-25T19:49:47.865902,1718,0
2025-05-25T19:49:48.917453,1718,0
2025-05-25T19:49:49.948360,1657,0
2025-05-25T19:49:50.989426,1712,0
2025-05-25T19:49:52.019375,1712,0
2025-05-25T19:49:53.049232,1712,0
2025-05-25T19:49:54.106838,1634,0
2025-05-25T19:49:55.136307,1634,0
2025-05-25T19:49:56.186066,1742,0
2025-05-25T19:49:57.215616,1742,0
2025-05-25T19:49:58.245089,1742,0
2025-05-25T19:49:59.274210,1726,0
2025-05-25T19:50:00.304842,1726,0
2025-05-25T19:50:01.335527,1726,0
2025-05-25T19:50:02.365870,1662,0
2025-05-25T19:50:03.403109,1662,0
2025-05-25T19:50:04.432615,1662,0
2025-05-25T19:50:05.478805,1709,0
2025-05-25T19:50:06.532838,1709,0
2025-05-25T19:50:07.563338,1655,0
2025-05-25T19:50:08.610139,1655,0
2025-05-25T19:50:09.641429,1655,0
2025-05-25T19:50:10.670613,1694,0
2025-05-25T19:50:11.722709,1694,0
2025-05-25T19:50:12.759916,1694,0
2025-05-25T19:50:13.794741,1713,0
2025-05-25T19:50:14.828214,1713,0
2025-05-25T19:50:15.859799,1713,0
2025-05-25T19:50:16.889179,1668,0
2025-05-25T19:50:17.923350,1668,0
2025-05-25T19:50:18.953511,1698,0
2025-05-25T19:50:19.994644,1698,0
2025-05-25T19:50:21.041386,1662,0
2025-05-25T19:50:22.072150,1662,0
2025-05-25T19:50:23.114559,1662,0
2025-05-25T19:50:24.145951,1691,0
2025-05-25T19:50:25.175454,1691,0
2025-05-25T19:50:26.205929,1691,0
2025-05-25T19:50:27.234951,1714,0
2025-05-25T19:50:28.264810,1714,0
2025-05-25T19:50:29.293993,1696,0
2025-05-25T19:50:30.327485,1696,0
2025-05-25T19:50:31.356921,1701,0
2025-05-25T19:50:32.386339,1701,0
2025-05-25T19:50:33.429370,1701,0
2025-05-25T19:50:34.459921,1706,0
2025-05-25T19:50:35.548689,1706,0
2025-05-25T19:50:36.577966,1706,0
2025-05-25T19:50:37.610879,1704,0
2025-05-25T19:50:38.656589,1704,0
2025-05-25T19:50:39.705965,1677,0
2025-05-25T19:50:40.735938,1677,0
2025-05-25T19:50:41.765232,1677,0
2025-05-25T19:50:42.795398,1659,0
2025-05-25T19:50:43.837868,1659,0
2025-05-25T19:50:44.867950,1659,0
2025-05-25T19:50:45.900415,1696,0
2025-05-25T19:50:46.954210,1696,0
2025-05-25T19:50:48.002161,1715,0
2025-05-25T19:50:49.033108,1715,0
2025-05-25T19:50:50.070670,1750,0
2025-05-25T19:50:51.100029,1750,0
2025-05-25T19:50:52.134318,1750,0
2025-05-25T19:50:53.164750,1699,0
2025-05-25T19:50:54.194543,1699,0
2025-05-25T19:50:55.246494,1699,0
2025-05-25T19:50:56.306839,1668,0
2025-05-25T19:50:57.343594,1668,0
2025-05-25T19:50:58.392475,1668,0
2025-05-25T19:50:59.422421,1656,0
2025-05-25T19:51:00.472736,1656,0
2025-05-25T19:51:01.515491,1700,0
2025-05-25T19:51:02.560592,1700,0
2025-05-25T19:51:03.590809,1700,0
2025-05-25T19:51:04.620573,1687,0
2025-05-25T19:51:05.667264,1687,0
2025-05-25T19:51:06.718294,1687,0
2025-05-25T19:51:07.766700,1689,0
2025-05-25T19:51:08.796003,1689,0
2025-05-25T19:51:09.825436,1688,0
2025-05-25T19:51:10.868139,1688,0
2025-05-25T19:51:11.898684,1714,0
2025-05-25T19:51:12.928726,1714,0
2025-05-25T19:51:13.984736,1714,0
2025-05-25T19:51:15.031966,1758,0
2025-05-25T19:51:16.088213,1713,0
2025-05-25T19:51:17.118152,1713,0
2025-05-25T19:51:18.149532,1695,0
2025-05-25T19:51:19.179034,1695,0
2025-05-25T19:51:20.208661,1695,0
2025-05-25T19:51:21.289893,1668,0
2025-05-25T19:51:22.321213,1668,0
2025-05-25T19:51:23.350829,1704,0
2025-05-25T19:51:24.380011,1704,0
2025-05-25T19:51:25.424860,1704,0
2025-05-25T19:51:26.454355,1730,0
2025-05-25T19:51:27.562714,1730,0
2025-05-25T19:51:28.593216,1730,0
2025-05-25T19:51:29.622853,1704,0
2025-05-25T19:51:30.653767,1704,0
2025-05-25T19:51:31.712681,1704,0
2025-05-25T19:51:32.745901,1644,0
2025-05-25T19:51:33.788971,1644,0
2025-05-25T19:51:34.819137,1728,0
2025-05-25T19:51:35.850409,1728,0
2025-05-25T19:51:36.890823,1695,0
2025-05-25T19:51:37.965657,1695,0
2025-05-25T19:51:38.996467,1695,0
2025-05-25T19:51:40.027088,1696,0
2025-05-25T19:51:41.058849,1654,0
2025-05-25T19:51:42.096456,1654,0
2025-05-25T19:51:43.126462,1756,0
2025-05-25T19:51:44.157592,1756,0
2025-05-25T19:51:45.224691,1756,0
2025-05-25T19:51:46.262233,1686,0
2025-05-25T19:51:47.300334,1686,0
2025-05-25T19:51:48.330924,1705,0
2025-05-25T19:51:49.360075,1705,0
2025-05-25T19:51:50.404836,1745,0
2025-05-25T19:51:51.433977,1745,0
2025-05-25T19:51:52.463280,1745,0
2025-05-25T19:51:53.515634,1703,0
2025-05-25T19:51:54.556837,1703,0
2025-05-25T19:51:55.592314,1731,0
2025-05-25T19:51:56.621893,1731,0
2025-05-25T19:51:57.652298,1685,0
2025-05-25T19:51:58.681995,1685,0
2025-05-25T19:51:59.714335,1685,0
2025-05-25T19:52:00.743472,1660,0
2025-05-25T19:52:01.772437,1660,0
2025-05-25T19:52:02.855900,1711,0
2025-05-25T19:52:03.885773,1711,0
2025-05-25T19:52:04.917157,1729,0
2025-05-25T19:52:05.947716,1729,0
2025-05-25T19:52:06.976821,1729,0
2025-05-25T19:52:08.019212,1748,0
2025-05-25T19:52:09.048464,1659,0
2025-05-25T19:52:10.077806,1659,0
2025-05-25T19:52:11.123072,1659,0
2025-05-25T19:52:12.170936,1633,0
2025-05-25T19:52:13.201470,1633,0
2025-05-25T19:52:14.231442,1633,0
2025-05-25T19:52:15.264518,1689,0
2025-05-25T19:52:16.295655,1689,0
2025-05-25T19:52:17.332386,1689,0
2025-05-25T19:52:18.365173,1730,0
2025-05-25T19:52:19.395093,1730,0
2025-05-25T19:52:20.439518,1676,0
2025-05-25T19:52:21.468727,1676,0
2025-05-25T19:52:22.523382,1734,0
2025-05-25T19:52:23.552537,1734,0
2025-05-25T19:52:24.583828,1734,0
2025-05-25T19:52:25.613634,1715,0
2025-05-25T19:52:26.647004,1715,0
2025-05-25T19:52:27.677874,1738,0
2025-05-25T19:52:28.707397,1738,0
2025-05-25T19:52:29.763472,1672,0
2025-05-25T19:52:30.814926,1672,0
2025-05-25T19:52:31.844341,1672,0
2025-05-25T19:52:32.875454,1650,0
2025-05-25T19:52:33.905417,1650,0
2025-05-25T19:52:34.951535,1694,0
2025-05-25T19:52:35.985590,1694,0
2025-05-25T19:52:37.035494,1694,0
2025-05-25T19:52:38.078044,1674,0
2025-05-25T19:52:39.108631,1674,0
2025-05-25T19:52:40.152990,1658,0
2025-05-25T19:52:41.183013,1658,0
2025-05-25T19:52:42.214643,1658,0
2025-05-25T19:52:43.274326,1682,0
2025-05-25T19:52:44.303716,1682,0
2025-05-25T19:52:45.347627,1711,0
2025-05-25T19:52:46.383883,1711,0
2025-05-25T19:52:47.415150,1711,0
2025-05-25T19:52:48.475299,1669,1
2025-05-25T19:52:49.528419,1669,1
2025-05-25T19:52:50.570222,1669,1
2025-05-25T19:52:51.600223,1719,1
2025-05-25T19:52:52.632015,1719,1
2025-05-25T19:52:53.665825,1719,1
2025-05-25T19:52:54.708144,1733,1
2025-05-25T19:52:55.771864,1733,1
2025-05-25T19:52:56.824173,1782,1
2025-05-25T19:52:57.875798,1782,1
2025-05-25T19:52:58.906891,1777,1
2025-05-25T19:52:59.938818,1777,1
2025-05-25T19:53:00.988806,1777,1
2025-05-25T19:53:02.033950,1709,1
2025-05-25T19:53:03.074880,1709,1
2025-05-25T19:53:04.108909,1801,1
2025-05-25T19:53:05.140333,1801,1
2025-05-25T19:53:06.189901,1801,1
2025-05-25T19:53:07.234187,1771,1
2025-05-25T19:53:08.296426,1771,1
2025-05-25T19:53:09.337197,1771,1
2025-05-25T19:53:10.381749,1785,1
2025-05-25T19:53:11.447762,1785,1
2025-05-25T19:53:12.486105,1785,1
2025-05-25T19:53:13.519767,1730,1
2025-05-25T19:53:14.554897,1730,1
2025-05-25T19:53:15.593397,1730,1
2025-05-25T19:53:16.682267,1710,1
2025-05-25T19:53:17.742398,1710,1
2025-05-25T19:53:18.808148,1743,1
2025-05-25T19:53:19.853632,1743,1
2025-05-25T19:53:20.891989,1741,1
2025-05-25T19:53:21.925847,1741,1
2025-05-25T19:53:22.971907,1741,1
2025-05-25T19:53:24.002596,1737,1
2025-05-25T19:53:25.033573,1737,1
2025-05-25T19:53:26.081987,1721,1
2025-05-25T19:53:27.128271,1721,1
2025-05-25T19:53:28.168472,1721,1
2025-05-25T19:53:29.198759,1712,1
2025-05-25T19:53:30.228731,1712,1
2025-05-25T19:53:31.269142,1712,1
2025-05-25T19:53:32.300525,1809,1
2025-05-25T19:53:33.353937,1809,1
2025-05-25T19:53:34.400323,1809,1
2025-05-25T19:53:35.467651,1778,1
2025-05-25T19:53:36.519941,1778,1
2025-05-25T19:53:37.556481,1778,1
2025-05-25T19:53:38.596737,1760,1
2025-05-25T19:53:39.627110,1760,1
2025-05-25T19:53:40.657745,1779,1
2025-05-25T19:53:41.688798,1779,1
2025-05-25T19:53:42.718625,1764,1
2025-05-25T19:53:43.751772,1764,1
2025-05-25T19:53:44.793894,1764,1
2025-05-25T19:53:45.838209,1720,1
2025-05-25T19:53:46.870859,1720,1
2025-05-25T19:53:53.882189,1737,0
2025-05-25T19:53:54.923731,1737,0
2025-05-25T19:53:55.954509,1737,0
2025-05-25T19:53:56.983787,1685,0
2025-05-25T19:53:58.023943,1685,0
2025-05-25T19:53:59.055114,1696,0
2025-05-25T19:54:00.100948,1670,0
2025-05-25T19:54:01.130854,1670,0
2025-05-25T19:54:02.164283,1670,0
2025-05-25T19:54:03.193804,1674,0
2025-05-25T19:54:04.227866,1674,0
2025-05-25T19:54:05.257493,1725,0
2025-05-25T19:54:06.295787,1725,0
2025-05-25T19:54:07.343437,1697,0
2025-05-25T19:54:08.372756,1697,0
2025-05-25T19:54:09.422202,1697,0
2025-05-25T19:54:10.451719,1666,0
2025-05-25T19:54:11.480877,1666,0
2025-05-25T19:54:12.511273,1713,0
2025-05-25T19:54:13.541828,1713,0
2025-05-25T19:54:14.573030,1694,0
2025-05-25T19:54:15.603400,1694,0
2025-05-25T19:54:16.663942,1694,0
2025-05-25T19:54:17.711942,1828,0
2025-05-25T19:54:18.749512,1828,0
2025-05-25T19:54:19.781051,1644,0
2025-05-25T19:54:20.837173,1644,0
2025-05-25T19:54:21.885027,1749,0
2025-05-25T19:54:22.934711,1749,0
2025-05-25T19:54:23.964770,1749,0
2025-05-25T19:54:24.994045,1679,0
2025-05-25T19:54:26.028999,1679,0
2025-05-25T19:54:27.066322,1677,0
2025-05-25T19:54:28.099883,1677,0
2025-05-25T19:54:29.130020,1648,0
2025-05-25T19:54:30.161396,1648,0
2025-05-25T19:54:31.217906,1648,0
2025-05-25T19:54:32.263012,1697,0
2025-05-25T19:54:33.292146,1697,0
2025-05-25T19:54:34.322515,1667,0
2025-05-25T19:54:35.362136,1667,0
2025-05-25T19:54:36.395792,1672,0
2025-05-25T19:54:37.426002,1672,0
2025-05-25T19:54:38.489658,1672,0
2025-05-25T19:54:39.525746,1640,0
2025-05-25T19:54:40.570010,1640,0
2025-05-25T19:54:41.599779,1721,0
2025-05-25T19:54:42.629643,1721,0
2025-05-25T19:54:43.670875,1721,0
2025-05-25T19:54:44.727202,1704,0
2025-05-25T19:54:45.772501,1704,0
2025-05-25T19:54:46.802173,1704,0
2025-05-25T19:54:47.832866,1727,0
2025-05-25T19:54:48.874837,1727,0
2025-05-25T19:54:49.906999,1732,0
2025-05-25T19:54:50.937476,1732,0
2025-05-25T19:54:52.004317,1721,0
2025-05-25T19:54:53.041801,1721,0
2025-05-25T19:54:54.079659,1690,0
2025-05-25T19:54:55.110312,1690,0
2025-05-25T19:54:56.139880,1690,0
2025-05-25T19:54:57.182522,1726,0
2025-05-25T19:54:58.213152,1726,0
2025-05-25T19:54:59.260888,1710,0
2025-05-25T19:55:00.290096,1710,0
2025-05-25T19:55:01.335527,1702,0
2025-05-25T19:55:02.367149,1702,0
2025-05-25T19:55:03.396204,1702,0
2025-05-25T19:55:04.426003,1704,0
2025-05-25T19:55:05.456368,1704,0
2025-05-25T19:55:06.490810,1700,0
2025-05-25T19:55:07.520316,1700,0
2025-05-25T19:55:08.552348,1700,0
2025-05-25T19:55:09.609904,1689,0
2025-05-25T19:55:10.673116,1689,0
2025-05-25T19:55:11.702510,1689,0
2025-05-25T19:55:12.732745,1676,0
2025-05-25T19:55:13.783685,1676,0
2025-05-25T19:55:14.824785,1676,0
2025-05-25T19:55:15.857904,1732,0
2025-05-25T19:55:16.900966,1732,0
2025-05-25T19:55:17.934713,1658,0
2025-05-25T19:55:18.964085,1658,0
2025-05-25T19:55:20.012142,1658,0
2025-05-25T19:55:21.047077,1701,0
2025-05-25T19:55:22.096725,1701,0
2025-05-25T19:55:23.126065,1731,0
2025-05-25T19:55:24.174131,1731,0
2025-05-25T19:55:25.208283,1731,0
2025-05-25T19:55:26.243075,1701,0
2025-05-25T19:55:27.278220,1701,0
2025-05-25T19:55:28.312388,1671,0
2025-05-25T19:55:29.341833,1671,0
2025-05-25T19:55:30.372142,1686,0
2025-05-25T19:55:31.417336,1686,0
2025-05-25T19:55:32.462149,1686,0
2025-05-25T19:55:33.493411,1709,0
2025-05-25T19:55:34.527437,1709,0
2025-05-25T19:55:35.557384,1743,0
2025-05-25T19:55:36.586740,1743,0
2025-05-25T19:55:37.619458,1753,0
2025-05-25T19:55:38.687168,1753,0
2025-05-25T19:55:39.743982,1753,0
2025-05-25T19:55:40.775126,1661,0
2025-05-25T19:55:41.806038,1661,0
2025-05-25T19:55:42.835464,1713,0
2025-05-25T19:55:43.864285,1713,0
2025-05-25T19:55:44.894074,1713,0
2025-05-25T19:55:45.933027,1673,0
2025-05-25T19:55:46.988895,1673,0
2025-05-25T19:55:48.035895,1673,0
2025-05-25T19:55:49.068056,1625,0
2025-05-25T19:55:50.106128,1644,0
2025-05-25T19:55:51.135684,1644,0
2025-05-25T19:55:52.170901,1712,0
2025-05-25T19:55:53.200279,1712,0
2025-05-25T19:55:54.255839,1712,0
2025-05-25T19:55:55.302347,1668,0
2025-05-25T19:55:56.340803,1668,0
2025-05-25T19:55:57.369979,1666,0
2025-05-25T19:55:58.399489,1666,0
2025-05-25T19:55:59.442031,1666,0
2025-05-25T19:56:00.471713,1665,0
2025-05-25T19:56:01.501313,1665,0
2025-05-25T19:56:02.544864,1665,0
2025-05-25T19:56:03.578374,1635,0
2025-05-25T19:56:04.619300,1635,0
2025-05-25T19:56:05.648503,1686,0
2025-05-25T19:56:06.679359,1686,0
2025-05-25T19:56:07.709089,1686,0
2025-05-25T19:56:08.751181,1693,0
2025-05-25T19:56:09.785611,1693,0
2025-05-25T19:56:10.841771,1693,0
2025-05-25T19:56:11.888382,1723,0
2025-05-25T19:56:12.919166,1723,0
2025-05-25T19:56:13.955287,1723,0
2025-05-25T19:56:14.984474,1672,0
2025-05-25T19:56:16.014419,1672,0
2025-05-25T19:56:17.061495,1665,0
2025-05-25T19:56:18.106952,1665,0
2025-05-25T19:56:19.138082,1721,0
2025-05-25T19:56:20.185077,1721,0
2025-05-25T19:56:21.214607,1721,0
2025-05-25T19:56:22.244996,1742,0
2025-05-25T19:56:23.276611,1742,0
2025-05-25T19:56:24.309955,1742,0
2025-05-25T19:56:25.339992,1687,0
2025-05-25T19:56:26.369695,1687,0
2025-05-25T19:56:27.401383,1691,0
2025-05-25T19:56:28.431050,1691,0
2025-05-25T19:56:29.492317,1691,0
2025-05-25T19:56:30.528841,1691,0
2025-05-25T19:56:31.570868,1691,0
2025-05-25T19:56:32.601549,1691,0
2025-05-25T19:56:33.645507,1732,0
2025-05-25T19:56:34.676467,1732,0
2025-05-25T19:56:35.720764,1732,0
2025-05-25T19:56:36.753591,1777,0
2025-05-25T19:56:37.799654,1777,0
2025-05-25T19:56:38.831049,1777,0
2025-05-25T19:56:39.867990,1717,0
2025-05-25T19:56:40.898804,1717,0
2025-05-25T19:56:41.937466,1717,0
2025-05-25T19:56:43.004080,1675,0
2025-05-25T19:56:44.043441,1675,0
2025-05-25T19:56:45.084165,1719,0
2025-05-25T19:56:46.133973,1688,0
2025-05-25T19:56:47.164795,1688,0
2025-05-25T19:56:48.194331,1688,0
2025-05-25T19:56:49.239327,1735,0
2025-05-25T19:56:50.270068,1735,0
2025-05-25T19:56:51.314384,1690,0
2025-05-25T19:56:52.344593,1690,0
2025-05-25T19:56:53.374509,1676,0
