timestamp,power_mW,under_attack
2025-11-26T14:14:12.632988,5188,0
2025-11-26T14:14:13.666702,5233,0
2025-11-26T14:14:14.775265,5233,0
2025-11-26T14:14:15.805296,5461,0
2025-11-26T14:14:16.836749,5461,0
2025-11-26T14:14:17.869959,5407,0
2025-11-26T14:14:18.915549,5407,0
2025-11-26T14:14:19.971656,5317,0
2025-11-26T14:14:21.015042,5317,0
2025-11-26T14:14:22.053049,5282,0
2025-11-26T14:14:23.088537,5507,0
2025-11-26T14:14:24.118930,5507,0
2025-11-26T14:14:25.164834,5367,0
2025-11-26T14:14:26.211344,5367,0
2025-11-26T14:14:27.253837,5270,0
2025-11-26T14:14:28.284347,5270,0
2025-11-26T14:14:29.317919,5334,0
2025-11-26T14:14:30.348455,5334,0
2025-11-26T14:14:31.378494,5322,0
2025-11-26T14:14:32.408014,5322,0
2025-11-26T14:14:33.437742,5462,0
2025-11-26T14:14:34.472640,5462,0
2025-11-26T14:14:35.502386,5455,0
2025-11-26T14:14:36.537572,5528,0
2025-11-26T14:14:37.587599,5528,0
2025-11-26T14:14:38.636022,5180,0
2025-11-26T14:14:39.706251,5180,0
2025-11-26T14:14:40.735726,5486,0
2025-11-26T14:14:41.781018,5486,0
2025-11-26T14:14:42.828284,5308,0
2025-11-26T14:14:43.862809,5308,0
2025-11-26T14:14:44.904333,5808,0
2025-11-26T14:14:45.938356,5808,0
2025-11-26T14:14:46.968582,5273,0
2025-11-26T14:14:47.998463,5273,0
2025-11-26T14:14:49.047321,5290,0
2025-11-26T14:14:50.098601,5290,0
2025-11-26T14:14:51.128660,5462,0
2025-11-26T14:14:52.157742,6750,0
2025-11-26T14:14:53.200105,6750,0
2025-11-26T14:14:54.249510,7286,0
2025-11-26T14:14:55.296870,7286,0
2025-11-26T14:14:56.359772,6195,0
2025-11-26T14:14:57.393502,6195,0
2025-11-26T14:14:58.435746,6427,0
2025-11-26T14:14:59.466480,6427,0
2025-11-26T14:15:00.497644,6941,0
2025-11-26T14:15:01.551276,7501,0
2025-11-26T14:15:02.598520,7501,0
2025-11-26T14:15:03.632344,7372,0
2025-11-26T14:15:04.664078,7372,0
2025-11-26T14:15:05.710233,5567,0
2025-11-26T14:15:06.771013,5567,0
2025-11-26T14:15:07.815497,6777,0
2025-11-26T14:15:08.861268,7006,0
2025-11-26T14:15:09.936715,7006,0
2025-11-26T14:15:10.965924,6053,0
2025-11-26T14:15:12.012954,8217,0
2025-11-26T14:15:13.042063,8217,0
2025-11-26T14:15:14.073351,5640,0
2025-11-26T14:15:15.161861,5302,0
2025-11-26T14:15:16.212950,5302,0
2025-11-26T14:15:17.244589,5756,0
2025-11-26T14:15:18.283388,5756,0
2025-11-26T14:15:19.314125,6273,0
2025-11-26T14:15:20.415527,6273,0
2025-11-26T14:15:21.445318,5786,0
2025-11-26T14:15:22.482438,5786,0
2025-11-26T14:15:23.518408,6115,0
2025-11-26T14:15:24.550606,5722,0
2025-11-26T14:15:25.580595,5722,0
2025-11-26T14:15:26.635514,6158,0
2025-11-26T14:15:27.685266,6158,0
2025-11-26T14:15:28.725557,5776,0
2025-11-26T14:15:29.774668,5776,0
2025-11-26T14:15:30.806190,6115,0
2025-11-26T14:15:31.854011,6115,0
2025-11-26T14:15:32.901041,5578,0
2025-11-26T14:15:33.953734,5578,0
2025-11-26T14:15:34.985532,5270,0
2025-11-26T14:15:36.055113,5270,0
2025-11-26T14:15:37.100222,6148,0
2025-11-26T14:15:38.136663,6148,0
2025-11-26T14:15:39.175220,6241,0
2025-11-26T14:15:40.206807,6241,0
2025-11-26T14:15:41.236137,5923,0
2025-11-26T14:15:42.265665,5346,0
2025-11-26T14:15:43.295237,5346,0
2025-11-26T14:15:44.340948,5844,0
2025-11-26T14:15:45.373557,5844,0
2025-11-26T14:15:46.418851,5422,0
2025-11-26T14:15:47.468099,5422,0
2025-11-26T14:15:48.498493,6729,0
2025-11-26T14:15:49.541404,6696,0
2025-11-26T14:15:50.662131,6696,0
2025-11-26T14:15:51.697262,6601,0
2025-11-26T14:15:52.742181,6601,0
2025-11-26T14:15:53.774402,6434,0
2025-11-26T14:15:54.814649,6434,0
2025-11-26T14:15:55.874525,5253,0
2025-11-26T14:15:56.904039,5253,0
2025-11-26T14:15:57.933205,7157,0
2025-11-26T14:15:58.967688,7157,0
2025-11-26T14:16:00.009051,5339,0
2025-11-26T14:16:01.067593,5339,0
2025-11-26T14:16:02.098937,6644,0
2025-11-26T14:16:03.210456,7163,0
2025-11-26T14:16:04.247804,7163,0
2025-11-26T14:16:05.338716,5496,0
2025-11-26T14:16:06.392192,5496,0
2025-11-26T14:16:07.422820,7895,0
2025-11-26T14:16:08.461313,7895,0
2025-11-26T14:16:09.491100,7190,0
2025-11-26T14:16:10.523307,5753,0
2025-11-26T14:16:11.606384,5978,0
2025-11-26T14:16:12.639744,5978,0
2025-11-26T14:16:13.672124,6537,0
2025-11-26T14:16:14.707418,6537,0
2025-11-26T14:16:15.738075,5756,0
2025-11-26T14:16:16.772050,5756,0
2025-11-26T14:16:17.802143,8271,0
2025-11-26T14:16:18.849054,8271,0
2025-11-26T14:16:19.881455,6960,0
2025-11-26T14:16:20.972238,6960,0
2025-11-26T14:16:22.008384,6935,0
2025-11-26T14:16:23.051013,6935,0
2025-11-26T14:16:24.081394,5916,0
2025-11-26T14:16:25.125773,5916,0
2025-11-26T14:16:26.156222,7450,0
2025-11-26T14:16:27.193933,7450,0
2025-11-26T14:16:28.226665,8033,0
2025-11-26T14:16:29.257740,8033,0
2025-11-26T14:16:30.297536,7216,0
2025-11-26T14:16:31.343564,7216,0
2025-11-26T14:16:32.397298,5878,0
2025-11-26T14:16:33.426637,5878,0
2025-11-26T14:16:34.456810,6564,0
2025-11-26T14:16:35.501257,6564,0
2025-11-26T14:16:36.536098,7288,0
2025-11-26T14:16:37.588720,6951,0
2025-11-26T14:16:38.632620,6951,0
2025-11-26T14:16:39.670478,5195,0
2025-11-26T14:16:40.702246,5195,0
2025-11-26T14:16:41.738098,5216,0
2025-11-26T14:16:42.772748,5216,0
2025-11-26T14:16:43.825280,5086,0
2025-11-26T14:16:44.859169,5289,0
2025-11-26T14:16:45.915675,5289,0
2025-11-26T14:16:46.951544,5340,0
2025-11-26T14:16:48.044129,5340,0
2025-11-26T14:16:49.103556,5276,0
2025-11-26T14:16:50.139953,5276,0
2025-11-26T14:16:51.168869,5277,0
2025-11-26T14:16:52.207755,5277,0
2025-11-26T14:16:53.239852,5214,0
2025-11-26T14:16:54.279920,5214,0
2025-11-26T14:16:55.309487,5188,0
2025-11-26T14:16:56.359076,5188,0
2025-11-26T14:16:57.390683,5182,0
2025-11-26T14:16:58.419890,5182,0
2025-11-26T14:16:59.450625,5287,0
2025-11-26T14:17:00.481784,5287,0
2025-11-26T14:17:01.515532,5176,0
2025-11-26T14:17:02.549562,5160,0
2025-11-26T14:17:03.600879,5160,0
2025-11-26T14:17:04.632991,5460,0
2025-11-26T14:17:05.673909,5460,0
2025-11-26T14:17:06.743218,5410,0
2025-11-26T14:17:07.773352,5326,0
2025-11-26T14:17:08.826502,5326,0
2025-11-26T14:17:09.874463,5284,0
2025-11-26T14:17:10.912449,5284,0
2025-11-26T14:17:11.949210,5166,0
2025-11-26T14:17:12.978543,5166,0
2025-11-26T14:17:14.045222,5242,0
2025-11-26T14:17:15.076713,5242,0
2025-11-26T14:17:16.121027,5206,0
2025-11-26T14:17:17.153278,5206,0
2025-11-26T14:17:18.188301,5133,0
2025-11-26T14:17:19.242928,5133,0
2025-11-26T14:17:20.302386,5140,0
2025-11-26T14:17:21.347762,5140,0
2025-11-26T14:17:22.382057,5163,0
2025-11-26T14:17:23.414178,5163,0
2025-11-26T14:17:24.444517,5257,0
2025-11-26T14:17:25.474306,5257,0
2025-11-26T14:17:26.505706,6052,0
2025-11-26T14:17:27.535485,6052,0
2025-11-26T14:17:28.585491,5961,0
2025-11-26T14:17:29.615074,5581,0
2025-11-26T14:17:30.665651,5581,0
2025-11-26T14:17:31.695886,6049,0
2025-11-26T14:17:32.725204,6049,0
2025-11-26T14:17:33.756492,5870,0
2025-11-26T14:17:34.789202,5870,0
2025-11-26T14:17:35.821092,5936,0
2025-11-26T14:17:36.855946,5936,0
2025-11-26T14:17:37.941588,5505,0
2025-11-26T14:17:38.971554,5603,0
2025-11-26T14:17:40.013806,5603,0
2025-11-26T14:17:41.051846,5410,0
2025-11-26T14:17:42.081468,5410,0
2025-11-26T14:17:43.127077,5343,0
2025-11-26T14:17:44.158171,5343,0
2025-11-26T14:17:45.201939,5321,0
2025-11-26T14:17:46.230804,5321,0
2025-11-26T14:17:47.262117,5221,0
2025-11-26T14:17:48.292646,5552,0
2025-11-26T14:17:49.338082,5552,0
2025-11-26T14:17:50.369109,6107,0
2025-11-26T14:17:51.460448,6107,0
2025-11-26T14:17:52.489190,5649,0
2025-11-26T14:17:53.521477,5338,0
2025-11-26T14:17:54.575155,5416,0
2025-11-26T14:17:55.621168,5416,0
2025-11-26T14:17:56.671459,5776,0
2025-11-26T14:17:57.701707,5776,0
2025-11-26T14:17:58.731563,5602,0
2025-11-26T14:17:59.769530,5602,0
2025-11-26T14:18:00.801655,6069,0
2025-11-26T14:18:01.838739,6069,0
2025-11-26T14:18:02.888817,5494,0
2025-11-26T14:18:03.919599,5494,0
2025-11-26T14:18:04.967682,6080,0
2025-11-26T14:18:05.998738,6080,0
2025-11-26T14:18:07.028742,6251,0
2025-11-26T14:18:08.069752,6251,0
2025-11-26T14:18:09.102093,5972,0
2025-11-26T14:18:10.132598,5972,0
2025-11-26T14:18:11.164433,5604,0
2025-11-26T14:18:12.212449,5604,0
2025-11-26T14:18:13.256361,5597,0
2025-11-26T14:18:14.287034,5597,0
2025-11-26T14:18:15.320480,5961,0
2025-11-26T14:18:16.359105,5696,0
2025-11-26T14:18:17.389698,5696,0
2025-11-26T14:18:18.420341,5612,0
2025-11-26T14:18:19.450369,5612,0
2025-11-26T14:18:20.516190,5694,0
2025-11-26T14:18:21.553817,5694,0
2025-11-26T14:18:22.599696,5930,0
2025-11-26T14:18:23.631199,5729,0
2025-11-26T14:18:24.671434,5729,0
2025-11-26T14:18:25.729799,6171,0
2025-11-26T14:18:26.774380,6171,0
2025-11-26T14:18:27.807795,5743,0
2025-11-26T14:18:28.863713,5743,0
2025-11-26T14:18:29.894737,6067,0
2025-11-26T14:18:30.946015,6067,0
2025-11-26T14:18:31.976835,6228,0
2025-11-26T14:18:33.023044,6228,0
2025-11-26T14:18:34.054151,6377,0
2025-11-26T14:18:35.104938,5487,0
2025-11-26T14:18:36.138456,5487,0
2025-11-26T14:18:37.167438,5153,0
2025-11-26T14:18:38.323241,5153,0
2025-11-26T14:18:39.520536,5279,0
2025-11-26T14:18:40.573731,5279,0
2025-11-26T14:18:41.650894,5721,0
2025-11-26T14:18:42.687339,5737,0
2025-11-26T14:18:43.752298,5737,0
2025-11-26T14:18:44.814605,5392,0
2025-11-26T14:18:45.846267,5392,0
2025-11-26T14:18:46.877399,5551,0
2025-11-26T14:18:47.911016,5551,0
2025-11-26T14:18:48.943583,5690,0
2025-11-26T14:18:49.973168,5690,0
2025-11-26T14:18:51.017482,5721,0
2025-11-26T14:18:52.068156,5721,0
2025-11-26T14:18:53.102036,5743,0
2025-11-26T14:18:54.142291,5533,0
2025-11-26T14:18:55.191732,5533,0
2025-11-26T14:18:56.264018,5569,0
2025-11-26T14:18:57.313772,5569,0
2025-11-26T14:18:58.350402,5442,0
2025-11-26T14:18:59.385230,5442,0
2025-11-26T14:19:00.437354,5667,0
2025-11-26T14:19:01.471420,5667,0
2025-11-26T14:19:02.532380,5658,0
2025-11-26T14:19:03.592656,5742,0
2025-11-26T14:19:04.635945,5742,0
2025-11-26T14:19:05.669467,5808,0
2025-11-26T14:19:06.715017,5808,0
2025-11-26T14:19:07.761141,5821,0
2025-11-26T14:19:08.798013,5821,0
2025-11-26T14:19:09.834521,5735,0
2025-11-26T14:19:10.883406,5735,0
2025-11-26T14:19:11.940740,5919,0
2025-11-26T14:19:12.979194,5919,0
2025-11-26T14:19:14.010132,5723,0
2025-11-26T14:19:15.084695,5723,0
2025-11-26T14:19:16.120177,6372,0
2025-11-26T14:19:17.172549,6372,0
2025-11-26T14:19:18.205009,6058,0
2025-11-26T14:19:19.284217,5580,0
2025-11-26T14:19:20.348106,5580,0
2025-11-26T14:19:21.380611,5559,0
2025-11-26T14:19:22.411105,5559,0
2025-11-26T14:19:23.481137,5367,0
2025-11-26T14:19:24.528510,5367,0
2025-11-26T14:19:25.604672,5479,0
2025-11-26T14:19:26.633520,5267,0
2025-11-26T14:19:27.702228,5267,0
2025-11-26T14:19:28.732802,5492,0
2025-11-26T14:19:29.762569,5701,0
2025-11-26T14:19:30.799421,5701,0
2025-11-26T14:19:31.843809,5507,0
2025-11-26T14:19:32.874751,5507,0
2025-11-26T14:19:33.935371,5344,0
2025-11-26T14:19:35.017656,5344,0
2025-11-26T14:19:36.080397,5716,0
2025-11-26T14:19:37.126439,5546,0
2025-11-26T14:19:38.173807,5546,0
2025-11-26T14:19:39.208230,5600,0
2025-11-26T14:19:40.240706,5600,0
2025-11-26T14:19:41.271479,5327,0
2025-11-26T14:19:42.300551,5327,0
2025-11-26T14:19:43.336598,5488,0
2025-11-26T14:19:44.366481,5488,0
2025-11-26T14:19:45.399930,5831,0
2025-11-26T14:19:46.447448,5831,0
2025-11-26T14:19:47.478435,5649,0
2025-11-26T14:19:48.508140,5649,0
2025-11-26T14:19:49.542861,6211,0
2025-11-26T14:19:50.585408,6211,0
2025-11-26T14:19:51.640792,5896,0
2025-11-26T14:19:52.701524,5742,0
2025-11-26T14:19:53.744212,5682,0
2025-11-26T14:19:54.778533,5682,0
2025-11-26T14:19:55.809213,5725,0
2025-11-26T14:19:56.871833,5725,0
2025-11-26T14:19:57.919445,5549,0
2025-11-26T14:19:58.963787,5549,0
2025-11-26T14:19:59.994060,5735,0
2025-11-26T14:20:01.025079,5735,0
2025-11-26T14:20:02.054930,5250,0
2025-11-26T14:20:03.084542,5250,0
2025-11-26T14:20:04.131190,5881,0
2025-11-26T14:20:05.194520,5628,0
2025-11-26T14:20:06.223807,5628,0
2025-11-26T14:20:07.255080,5307,0
2025-11-26T14:20:08.289210,5307,0
2025-11-26T14:20:09.318542,5212,0
2025-11-26T14:20:10.355933,5212,0
2025-11-26T14:20:11.403682,5198,0
2025-11-26T14:20:12.451608,5198,0
2025-11-26T14:20:13.492792,5512,0
2025-11-26T14:20:14.530277,5378,0
2025-11-26T14:20:15.562800,5378,0
2025-11-26T14:20:16.599485,5506,0
2025-11-26T14:20:17.629371,5389,0
2025-11-26T14:20:18.670289,5358,0
2025-11-26T14:20:19.699353,5358,0
2025-11-26T14:20:20.746432,5461,0
2025-11-26T14:20:21.776447,5461,0
2025-11-26T14:20:22.809176,5477,0
2025-11-26T14:20:23.852521,5440,0
2025-11-26T14:20:24.888368,5440,0
2025-11-26T14:20:25.917778,5300,0
2025-11-26T14:20:26.948135,5300,0
2025-11-26T14:20:27.993519,5255,0
2025-11-26T14:20:29.045831,5255,0
2025-11-26T14:20:30.077800,5386,0
2025-11-26T14:20:31.108844,5386,0
2025-11-26T14:20:32.137994,5285,0
2025-11-26T14:20:33.170555,5285,0
2025-11-26T14:20:34.210867,5305,0
2025-11-26T14:20:35.272038,5305,0
2025-11-26T14:20:36.318772,5342,0
2025-11-26T14:20:37.357692,5342,0
2025-11-26T14:20:38.388930,5194,0
2025-11-26T14:20:39.420086,5194,0
2025-11-26T14:20:40.449865,5246,0
2025-11-26T14:20:41.479375,5246,0
2025-11-26T14:20:42.531024,5188,0
2025-11-26T14:20:43.562930,5315,0
2025-11-26T14:20:44.605859,5235,0
2025-11-26T14:20:45.635446,5235,0
2025-11-26T14:20:46.664379,5792,0
2025-11-26T14:20:47.694529,5745,0
2025-11-26T14:20:48.731433,5745,0
2025-11-26T14:20:49.761040,5576,0
2025-11-26T14:20:50.910668,8234,0
2025-11-26T14:20:51.950896,8234,0
2025-11-26T14:20:52.981837,14309,0
2025-11-26T14:20:54.032246,14594,0
2025-11-26T14:20:55.062000,14594,0
2025-11-26T14:20:56.094766,6716,0
2025-11-26T14:20:57.143286,6716,0
2025-11-26T14:20:58.173814,6593,0
2025-11-26T14:20:59.202775,6593,0
2025-11-26T14:21:00.245747,13192,0
2025-11-26T14:21:01.345401,13192,0
2025-11-26T14:21:02.376477,5703,0
2025-11-26T14:21:03.427181,10081,0
2025-11-26T14:21:04.477562,10081,0
2025-11-26T14:21:05.511148,9253,0
2025-11-26T14:21:06.545684,9253,0
2025-11-26T14:21:07.577372,8188,0
2025-11-26T14:21:08.607646,7070,0
2025-11-26T14:21:09.677896,8985,0
2025-11-26T14:21:10.718886,8985,0
2025-11-26T14:21:11.753530,6093,0
2025-11-26T14:21:12.797040,6093,0
2025-11-26T14:21:13.878664,6158,0
2025-11-26T14:21:14.915584,6158,0
2025-11-26T14:21:15.955846,7463,0
2025-11-26T14:21:16.988503,7218,0
2025-11-26T14:21:18.019317,7218,0
2025-11-26T14:21:19.056662,10254,0
2025-11-26T14:21:20.087521,10254,0
2025-11-26T14:21:21.190331,9114,0
2025-11-26T14:21:22.230928,9114,0
2025-11-26T14:21:23.266650,7876,0
2025-11-26T14:21:24.337182,7876,0
2025-11-26T14:21:25.367667,7471,0
2025-11-26T14:21:26.397152,7471,0
2025-11-26T14:21:27.428241,8685,0
2025-11-26T14:21:28.483260,8685,0
2025-11-26T14:21:29.535856,7512,0
2025-11-26T14:21:30.618812,7512,0
2025-11-26T14:21:31.651131,7654,0
2025-11-26T14:21:32.680079,6553,0
2025-11-26T14:21:33.711292,6553,0
2025-11-26T14:21:34.753939,6148,0
2025-11-26T14:21:35.783452,6148,0
2025-11-26T14:21:36.830570,6223,0
2025-11-26T14:21:37.877189,6223,0
2025-11-26T14:21:38.913930,10888,0
2025-11-26T14:21:39.943721,10888,0
2025-11-26T14:21:40.978255,6720,0
2025-11-26T14:21:42.031487,6720,0
2025-11-26T14:21:43.084612,7078,0
2025-11-26T14:21:44.155920,7078,0
2025-11-26T14:21:45.201850,6129,0
2025-11-26T14:21:46.232183,6129,0
2025-11-26T14:21:47.417656,7933,0
2025-11-26T14:21:48.447024,7933,0
2025-11-26T14:21:49.502112,5874,0
2025-11-26T14:21:50.532538,5874,0
2025-11-26T14:21:51.591859,5345,0
2025-11-26T14:21:52.677121,5373,0
2025-11-26T14:21:53.726381,5373,0
2025-11-26T14:21:54.755858,5347,0
2025-11-26T14:21:55.791639,5347,0
2025-11-26T14:21:56.823043,9045,0
2025-11-26T14:21:57.853911,7207,0
2025-11-26T14:21:58.895290,7207,0
2025-11-26T14:21:59.925525,8381,0
2025-11-26T14:22:00.974523,8381,0
2025-11-26T14:22:02.025861,13512,0
2025-11-26T14:22:03.055613,13512,0
2025-11-26T14:22:04.115557,7849,0
2025-11-26T14:22:05.148431,7849,0
2025-11-26T14:22:06.192642,9284,0
2025-11-26T14:22:07.225579,9284,0
2025-11-26T14:22:08.264779,14116,0
2025-11-26T14:22:09.303267,14116,0
2025-11-26T14:22:10.332406,6136,0
2025-11-26T14:22:11.364141,6136,0
2025-11-26T14:22:12.405385,8939,0
2025-11-26T14:22:13.439462,8939,0
2025-11-26T14:22:14.468743,10136,0
2025-11-26T14:22:15.515586,10136,0
2025-11-26T14:22:16.562344,7977,0
2025-11-26T14:22:17.591757,7977,0
2025-11-26T14:22:18.622493,7243,0
2025-11-26T14:22:19.651836,10886,0
2025-11-26T14:22:20.680675,12199,0
2025-11-26T14:22:21.714759,12199,0
2025-11-26T14:22:22.781631,6745,0
2025-11-26T14:22:23.837956,6745,0
2025-11-26T14:22:24.871426,9211,0
2025-11-26T14:22:25.904877,9211,0
2025-11-26T14:22:26.948280,6435,0
2025-11-26T14:22:27.977988,6435,0
2025-11-26T14:22:29.030355,6405,0
2025-11-26T14:22:30.076433,6405,0
2025-11-26T14:22:31.110302,6157,0
2025-11-26T14:22:32.140306,6157,0
2025-11-26T14:22:33.175371,6792,0
2025-11-26T14:22:34.209790,6792,0
2025-11-26T14:22:35.246476,6675,0
2025-11-26T14:22:36.282515,6675,0
2025-11-26T14:22:37.348165,13116,0
2025-11-26T14:22:38.378893,13116,0
2025-11-26T14:22:39.436295,8599,0
2025-11-26T14:22:40.473881,8599,0
2025-11-26T14:22:41.520368,8917,0
2025-11-26T14:22:42.549473,8917,0
2025-11-26T14:22:43.603443,9119,0
2025-11-26T14:22:44.646708,5559,0
2025-11-26T14:22:45.678808,5559,0
2025-11-26T14:22:46.717565,5239,0
2025-11-26T14:22:47.767089,5239,0
2025-11-26T14:22:48.799894,5295,0
2025-11-26T14:22:49.847200,5295,0
2025-11-26T14:22:50.896712,5256,0
2025-11-26T14:22:51.930085,5256,0
2025-11-26T14:22:52.962520,5225,0
2025-11-26T14:22:53.992526,5565,0
2025-11-26T14:22:55.036476,5565,0
2025-11-26T14:22:56.068429,5214,0
2025-11-26T14:22:57.113186,5214,0
2025-11-26T14:22:58.151045,5211,0
2025-11-26T14:22:59.185729,5211,0
2025-11-26T14:23:00.245942,5116,0
2025-11-26T14:23:01.283812,5116,0
2025-11-26T14:23:02.315839,5216,0
2025-11-26T14:23:03.359284,5216,0
2025-11-26T14:23:04.389381,5284,0
2025-11-26T14:23:05.420375,5284,0
2025-11-26T14:23:06.460608,12692,0
2025-11-26T14:23:07.497010,12692,0
2025-11-26T14:23:08.526239,8272,0
2025-11-26T14:23:09.575906,8272,0
2025-11-26T14:23:10.618901,5861,0
2025-11-26T14:23:11.668626,9697,0
2025-11-26T14:23:12.700661,9697,0
2025-11-26T14:23:13.733896,7185,0
2025-11-26T14:23:14.767025,8610,0
2025-11-26T14:23:15.797601,8610,0
2025-11-26T14:23:16.829075,7691,0
2025-11-26T14:23:17.870706,9976,0
2025-11-26T14:23:18.901297,9976,0
2025-11-26T14:23:19.957952,10027,0
2025-11-26T14:23:20.995142,10027,0
2025-11-26T14:23:22.037485,5725,0
2025-11-26T14:23:23.073723,5725,0
2025-11-26T14:23:24.119059,10520,0
2025-11-26T14:23:25.150736,10520,0
2025-11-26T14:23:26.205111,11534,0
2025-11-26T14:23:27.234233,11534,0
2025-11-26T14:23:28.277893,6217,0
2025-11-26T14:23:29.308660,14413,0
2025-11-26T14:23:30.339466,14413,0
2025-11-26T14:23:31.391300,9606,0
2025-11-26T14:23:32.421811,9317,0
2025-11-26T14:23:33.475748,9317,0
2025-11-26T14:23:34.506383,5683,0
2025-11-26T14:23:35.554364,11530,0
2025-11-26T14:23:36.584932,11530,0
2025-11-26T14:23:37.639415,9221,0
2025-11-26T14:23:38.687819,7962,0
2025-11-26T14:23:39.717542,7962,0
2025-11-26T14:23:40.750242,7865,0
2025-11-26T14:23:41.797514,7865,0
2025-11-26T14:23:42.831157,6676,0
2025-11-26T14:23:43.861956,6733,0
2025-11-26T14:23:44.904692,6733,0
2025-11-26T14:23:45.937747,7153,0
2025-11-26T14:23:46.997671,7077,0
2025-11-26T14:23:48.029109,7077,0
2025-11-26T14:23:49.061521,13915,0
2025-11-26T14:23:50.103590,13915,0
2025-11-26T14:23:51.157876,6007,0
2025-11-26T14:23:52.218763,14299,0
2025-11-26T14:23:53.260197,14299,0
2025-11-26T14:23:54.303851,9349,0
2025-11-26T14:23:55.333544,9349,0
2025-11-26T14:23:56.377558,5623,0
2025-11-26T14:23:57.425039,5623,0
2025-11-26T14:23:58.455877,6793,0
2025-11-26T14:23:59.485148,6793,0
2025-11-26T14:24:00.517845,12564,0
2025-11-26T14:24:01.548821,6870,0
2025-11-26T14:24:02.578649,6870,0
2025-11-26T14:24:03.622796,7699,0
2025-11-26T14:24:04.671706,12727,0
2025-11-26T14:24:05.720391,8449,0
2025-11-26T14:24:06.750759,8449,0
2025-11-26T14:24:07.785352,5601,0
2025-11-26T14:24:08.818250,5601,0
2025-11-26T14:24:09.849921,8234,0
2025-11-26T14:24:10.882486,11070,0
2025-11-26T14:24:11.917324,14088,0
2025-11-26T14:24:12.963805,14088,0
2025-11-26T14:24:14.024248,6582,0
2025-11-26T14:24:15.054301,5456,0
2025-11-26T14:24:16.088361,5456,0
2025-11-26T14:24:17.122211,5302,0
2025-11-26T14:24:18.155781,5302,0
2025-11-26T14:24:19.184745,5244,0
2025-11-26T14:24:20.233610,5244,0
2025-11-26T14:24:21.263938,5266,0
2025-11-26T14:24:22.317743,5266,0
2025-11-26T14:24:23.362888,5310,0
2025-11-26T14:24:24.395233,5310,0
2025-11-26T14:24:25.429822,5320,0
2025-11-26T14:24:26.460812,5320,0
2025-11-26T14:24:27.503258,5183,0
2025-11-26T14:24:28.532523,5183,0
2025-11-26T14:24:29.580450,5181,0
2025-11-26T14:24:30.611867,5181,0
2025-11-26T14:24:31.652911,14185,0
2025-11-26T14:24:32.684211,7157,0
2025-11-26T14:24:33.715227,5613,0
2025-11-26T14:24:34.772895,5613,0
2025-11-26T14:24:35.802761,6024,0
2025-11-26T14:24:36.851921,6024,0
2025-11-26T14:24:37.881473,5507,0
2025-11-26T14:24:38.912519,5507,0
2025-11-26T14:24:39.949294,5207,0
2025-11-26T14:24:40.978587,5207,0
2025-11-26T14:24:42.011604,5915,0
2025-11-26T14:24:43.069636,5915,0
2025-11-26T14:24:44.099717,6174,0
2025-11-26T14:24:45.178488,6174,0
2025-11-26T14:24:46.208025,6351,0
2025-11-26T14:24:47.270817,6351,0
2025-11-26T14:24:48.318941,8116,0
2025-11-26T14:24:49.359472,8116,0
2025-11-26T14:24:50.393206,6681,0
2025-11-26T14:24:51.423250,6681,0
2025-11-26T14:24:52.463152,7984,0
2025-11-26T14:24:53.494269,7984,0
2025-11-26T14:24:54.543567,7196,0
2025-11-26T14:24:55.588664,7196,0
2025-11-26T14:24:56.658767,6416,0
2025-11-26T14:24:57.715579,8085,0
2025-11-26T14:24:58.771166,8085,0
2025-11-26T14:24:59.801639,6142,0
2025-11-26T14:25:00.835829,6142,0
2025-11-26T14:25:01.871496,10865,0
2025-11-26T14:25:02.901803,10865,0
2025-11-26T14:25:03.931595,5463,0
2025-11-26T14:25:04.985544,5463,0
2025-11-26T14:25:06.016317,6099,0
2025-11-26T14:25:07.057772,6099,0
2025-11-26T14:25:08.089668,8381,0
2025-11-26T14:25:09.120536,8342,0
2025-11-26T14:25:10.156652,8342,0
2025-11-26T14:25:11.187822,7146,0
2025-11-26T14:25:12.226602,7146,0
2025-11-26T14:25:13.257367,6561,0
2025-11-26T14:25:14.302633,8517,0
2025-11-26T14:25:15.355884,8517,0
2025-11-26T14:25:16.387021,6047,0
2025-11-26T14:25:17.417113,6047,0
2025-11-26T14:25:18.452101,5438,0
2025-11-26T14:25:19.486799,6622,0
2025-11-26T14:25:20.516602,6622,0
2025-11-26T14:25:21.546234,5352,0
2025-11-26T14:25:22.598237,5724,0
2025-11-26T14:25:23.645780,5724,0
2025-11-26T14:25:24.674866,6853,0
2025-11-26T14:25:25.712910,7530,0
2025-11-26T14:25:26.745042,7530,0
2025-11-26T14:25:27.777192,5906,0
2025-11-26T14:25:28.810253,5906,0
2025-11-26T14:25:29.842706,6756,0
2025-11-26T14:25:30.887078,6756,0
2025-11-26T14:25:31.916670,6423,0
2025-11-26T14:25:32.945160,8285,0
2025-11-26T14:25:33.988138,8285,0
2025-11-26T14:25:35.032107,6809,0
2025-11-26T14:25:36.124276,6809,0
2025-11-26T14:25:37.165364,6826,0
2025-11-26T14:25:38.205185,6826,0
2025-11-26T14:25:39.236285,8057,0
2025-11-26T14:25:40.266163,8057,0
2025-11-26T14:25:41.308322,6350,0
2025-11-26T14:25:42.338276,6350,0
2025-11-26T14:25:43.390216,7592,0
2025-11-26T14:25:44.435359,7592,0
2025-11-26T14:25:45.465141,5618,0
2025-11-26T14:25:46.508819,6994,0
2025-11-26T14:25:47.539301,6994,0
2025-11-26T14:25:48.570799,7242,0
2025-11-26T14:25:49.640573,7242,0
2025-11-26T14:25:50.684575,5930,0
2025-11-26T14:25:51.729055,8054,0
2025-11-26T14:25:52.761528,8054,0
2025-11-26T14:25:53.796998,7648,0
2025-11-26T14:25:54.826229,8636,0
2025-11-26T14:25:55.857139,7004,0
2025-11-26T14:25:56.901257,7004,0
2025-11-26T14:25:57.931051,6972,0
2025-11-26T14:25:58.972577,6972,0
2025-11-26T14:26:00.003311,6467,0
2025-11-26T14:26:01.037027,6467,0
2025-11-26T14:26:02.070496,5682,0
2025-11-26T14:26:03.111616,5682,0
2025-11-26T14:26:04.141815,6237,0
2025-11-26T14:26:05.172751,11065,0
2025-11-26T14:26:06.217264,11065,0
2025-11-26T14:26:07.247093,7635,0
2025-11-26T14:26:08.294908,7635,0
2025-11-26T14:26:09.334190,6223,0
2025-11-26T14:26:10.369734,6223,0
2025-11-26T14:26:11.424036,6586,0
2025-11-26T14:26:12.467035,6586,0
2025-11-26T14:26:13.521580,6295,0
2025-11-26T14:26:14.551315,6295,0
2025-11-26T14:26:15.590949,8128,0
2025-11-26T14:26:16.622164,8128,0
2025-11-26T14:26:17.651876,8449,0
2025-11-26T14:26:18.683849,8449,0
2025-11-26T14:26:19.755755,5652,0
2025-11-26T14:26:20.791128,8015,0
2025-11-26T14:26:21.838911,8015,0
2025-11-26T14:26:22.882842,6348,0
2025-11-26T14:26:23.917590,6348,0
2025-11-26T14:26:24.961040,7205,0
2025-11-26T14:26:26.016726,7205,0
2025-11-26T14:26:27.049665,8029,0
2025-11-26T14:26:28.082117,8029,0
2025-11-26T14:26:29.115224,6426,0
2025-11-26T14:26:30.155129,9954,0
2025-11-26T14:26:31.184409,9954,0
2025-11-26T14:26:32.228066,6515,0
2025-11-26T14:26:33.258931,8116,0
2025-11-26T14:26:34.310866,8116,0
2025-11-26T14:26:35.361164,6228,0
2025-11-26T14:26:36.397274,6228,0
2025-11-26T14:26:37.432210,6229,0
2025-11-26T14:26:38.481736,6229,0
2025-11-26T14:26:39.523157,6336,0
2025-11-26T14:26:40.564614,6860,0
2025-11-26T14:26:41.597384,6860,0
2025-11-26T14:26:42.626482,6353,0
2025-11-26T14:26:43.677372,6353,0
2025-11-26T14:26:44.721319,6245,0
2025-11-26T14:26:45.771007,6490,0
2025-11-26T14:26:46.821494,6490,0
2025-11-26T14:26:47.852466,5758,0
2025-11-26T14:26:48.884421,5758,0
2025-11-26T14:26:49.920550,5643,0
2025-11-26T14:26:50.949759,5643,0
2025-11-26T14:26:51.996069,7487,0
2025-11-26T14:26:53.041676,7487,0
2025-11-26T14:26:54.099160,6898,0
2025-11-26T14:26:55.144173,6898,0
2025-11-26T14:26:56.198495,5416,0
2025-11-26T14:26:57.270307,5416,0
2025-11-26T14:26:58.320531,6924,0
2025-11-26T14:26:59.363419,5674,0
2025-11-26T14:27:00.392723,5674,0
2025-11-26T14:27:01.446373,5166,0
2025-11-26T14:27:02.483189,5166,0
2025-11-26T14:27:03.512788,5190,0
2025-11-26T14:27:04.546318,5190,0
2025-11-26T14:27:05.609567,7722,0
2025-11-26T14:27:06.640812,7722,0
2025-11-26T14:27:07.688615,6688,0
2025-11-26T14:27:08.724912,6178,0
2025-11-26T14:27:09.759453,6178,0
2025-11-26T14:27:10.806847,5258,0
2025-11-26T14:27:11.835889,8598,0
2025-11-26T14:27:12.879336,8598,0
2025-11-26T14:27:13.910611,5741,0
2025-11-26T14:27:14.959725,5741,0
2025-11-26T14:27:15.996900,7506,0
2025-11-26T14:27:17.040056,7506,0
2025-11-26T14:27:18.073090,5604,0
2025-11-26T14:27:19.129652,5604,0
2025-11-26T14:27:20.216542,6584,0
2025-11-26T14:27:21.251215,8144,0
2025-11-26T14:27:22.283411,8144,0
2025-11-26T14:27:23.331267,9165,0
2025-11-26T14:27:24.392765,9165,0
2025-11-26T14:27:25.426098,7600,0
2025-11-26T14:27:26.460744,7600,0
2025-11-26T14:27:27.505670,6914,0
2025-11-26T14:27:28.550664,6914,0
2025-11-26T14:27:29.598715,10291,0
2025-11-26T14:27:30.628006,10291,0
2025-11-26T14:27:31.668531,8486,0
2025-11-26T14:27:32.713271,5307,0
2025-11-26T14:27:33.745062,5307,0
2025-11-26T14:27:34.774829,5159,0
2025-11-26T14:27:35.817572,5159,0
2025-11-26T14:27:36.846707,5106,0
2025-11-26T14:27:37.891789,5106,0
2025-11-26T14:27:38.924453,5207,0
2025-11-26T14:27:39.957220,5207,0
2025-11-26T14:27:40.995041,5193,0
2025-11-26T14:27:42.136675,5193,0
2025-11-26T14:27:43.169999,5393,0
2025-11-26T14:27:44.214142,5393,0
2025-11-26T14:27:45.243555,5213,0
2025-11-26T14:27:46.290307,5213,0
2025-11-26T14:27:47.329368,5141,0
2025-11-26T14:27:48.364528,5141,0
2025-11-26T14:27:49.394741,5113,0
2025-11-26T14:27:50.432800,5113,0
2025-11-26T14:27:51.464193,5272,0
2025-11-26T14:27:52.516106,5272,0
2025-11-26T14:27:53.560636,5515,0
2025-11-26T14:27:54.591058,5515,0
2025-11-26T14:27:55.633595,5511,0
2025-11-26T14:27:56.669585,6823,0
2025-11-26T14:27:57.702085,5743,0
2025-11-26T14:27:58.735611,5743,0
2025-11-26T14:27:59.778399,6232,0
2025-11-26T14:28:00.809652,6232,0
2025-11-26T14:28:01.881322,5746,0
2025-11-26T14:28:02.923594,5746,0
2025-11-26T14:28:03.981150,5715,0
2025-11-26T14:28:05.036616,6597,0
2025-11-26T14:28:06.069837,6597,0
2025-11-26T14:28:07.104266,6106,0
2025-11-26T14:28:08.149760,6106,0
2025-11-26T14:28:09.182534,6088,0
2025-11-26T14:28:10.241852,6088,0
2025-11-26T14:28:11.278166,5710,0
2025-11-26T14:28:12.319389,5710,0
2025-11-26T14:28:13.368638,5248,0
2025-11-26T14:28:14.398233,5248,0
2025-11-26T14:28:15.449018,6303,0
2025-11-26T14:28:16.496896,6303,0
2025-11-26T14:28:17.533749,5251,0
2025-11-26T14:28:18.570637,5251,0
2025-11-26T14:28:19.602794,5708,0
2025-11-26T14:28:20.631840,5708,0
2025-11-26T14:28:21.671142,5737,0
2025-11-26T14:28:22.716650,5364,0
2025-11-26T14:28:23.748165,5364,0
2025-11-26T14:28:24.808802,6075,0
2025-11-26T14:28:25.844783,6075,0
2025-11-26T14:28:26.881667,7242,0
2025-11-26T14:28:27.916630,7242,0
2025-11-26T14:28:28.964952,5779,0
2025-11-26T14:28:30.056485,5779,0
2025-11-26T14:28:31.090609,5294,0
2025-11-26T14:28:32.138560,5294,0
2025-11-26T14:28:33.199273,5826,0
2025-11-26T14:28:34.228562,5826,0
2025-11-26T14:28:35.274324,5730,0
2025-11-26T14:28:36.313064,5730,0
2025-11-26T14:28:37.358572,5323,0
2025-11-26T14:28:38.388248,5323,0
2025-11-26T14:28:39.490874,5290,0
2025-11-26T14:28:40.538112,5290,0
2025-11-26T14:28:41.638007,5485,0
2025-11-26T14:28:42.687027,5485,0
2025-11-26T14:28:43.716395,5328,0
2025-11-26T14:28:44.772136,5680,0
2025-11-26T14:28:45.802140,5680,0
2025-11-26T14:28:46.845859,5370,0
2025-11-26T14:28:47.919675,5370,0
2025-11-26T14:28:48.984593,5312,0
2025-11-26T14:28:50.034840,5510,0
2025-11-26T14:28:51.082116,5510,0
2025-11-26T14:28:52.120523,5692,0
2025-11-26T14:28:53.156751,5692,0
2025-11-26T14:28:54.197369,6928,0
2025-11-26T14:28:55.243704,5735,0
2025-11-26T14:28:56.279794,5735,0
2025-11-26T14:28:57.374469,5724,0
2025-11-26T14:28:58.406301,5724,0
2025-11-26T14:28:59.436664,6258,0
2025-11-26T14:29:00.474691,6258,0
2025-11-26T14:29:01.549836,7297,0
2025-11-26T14:29:02.584017,7297,0
2025-11-26T14:29:03.631445,7721,0
2025-11-26T14:29:04.676161,7721,0
2025-11-26T14:29:05.729458,6781,0
2025-11-26T14:29:06.781938,6623,0
2025-11-26T14:29:07.812097,6623,0
2025-11-26T14:29:08.845698,7635,0
2025-11-26T14:29:09.895138,7635,0
2025-11-26T14:29:10.926130,6976,0
2025-11-26T14:29:11.971265,6976,0
2025-11-26T14:29:13.021821,8935,0
2025-11-26T14:29:14.064767,8935,0
2025-11-26T14:29:15.113793,6224,0
2025-11-26T14:29:16.170547,6775,0
2025-11-26T14:29:17.219681,6775,0
2025-11-26T14:29:18.265362,6749,0
2025-11-26T14:29:19.318087,6749,0
2025-11-26T14:29:20.347582,8199,0
2025-11-26T14:29:21.395718,8199,0
2025-11-26T14:29:22.446851,5551,0
2025-11-26T14:29:23.492156,5551,0
2025-11-26T14:29:24.527518,6432,0
2025-11-26T14:29:25.559061,6432,0
2025-11-26T14:29:26.589669,5249,0
2025-11-26T14:29:27.638669,7141,0
2025-11-26T14:29:28.689812,7141,0
2025-11-26T14:29:29.721865,6158,0
2025-11-26T14:29:30.761800,5767,0
2025-11-26T14:29:31.793597,5759,0
2025-11-26T14:29:32.828846,5759,0
2025-11-26T14:29:33.859199,5242,0
2025-11-26T14:29:34.888006,5242,0
2025-11-26T14:29:35.942571,5603,0
2025-11-26T14:29:36.985097,5603,0
2025-11-26T14:29:38.015255,6055,0
2025-11-26T14:29:39.057155,6055,0
2025-11-26T14:29:40.088094,6216,0
2025-11-26T14:29:41.167102,6216,0
2025-11-26T14:29:42.208013,6399,0
2025-11-26T14:29:43.237609,6399,0
2025-11-26T14:29:44.266930,5248,0
2025-11-26T14:29:45.297601,5530,0
2025-11-26T14:29:46.341007,5530,0
2025-11-26T14:29:47.372819,6049,0
2025-11-26T14:29:48.409351,6049,0
2025-11-26T14:29:49.450683,5298,0
2025-11-26T14:29:50.480590,5537,0
2025-11-26T14:29:51.523919,5537,0
2025-11-26T14:29:52.565500,7813,0
2025-11-26T14:29:53.600751,7813,0
2025-11-26T14:29:54.638206,6204,0
2025-11-26T14:29:55.667241,5775,0
2025-11-26T14:29:56.695267,5775,0
2025-11-26T14:29:57.748524,6816,0
2025-11-26T14:29:58.797486,6476,0
2025-11-26T14:29:59.833204,5416,0
2025-11-26T14:30:00.875996,5416,0
2025-11-26T14:30:01.924334,5995,0
2025-11-26T14:30:02.972821,5995,0
2025-11-26T14:30:04.030190,5380,0
2025-11-26T14:30:05.070832,5380,0
2025-11-26T14:30:06.099534,6196,0
2025-11-26T14:30:07.147018,6196,0
2025-11-26T14:30:08.202618,5880,0
2025-11-26T14:30:09.272940,5880,0
2025-11-26T14:30:10.308205,5929,0
2025-11-26T14:30:11.342228,5929,0
2025-11-26T14:30:12.394051,6077,0
2025-11-26T14:30:13.443188,6077,0
2025-11-26T14:30:14.478369,5483,0
2025-11-26T14:30:15.521211,5483,0
2025-11-26T14:30:16.593561,5738,0
2025-11-26T14:30:17.646374,5738,0
2025-11-26T14:30:18.711684,6474,0
2025-11-26T14:30:19.743114,6848,0
2025-11-26T14:30:20.789893,5906,0
2025-11-26T14:30:21.838947,8088,0
2025-11-26T14:30:22.877586,8088,0
2025-11-26T14:30:23.937735,6648,0
2025-11-26T14:30:24.983328,6969,0
2025-11-26T14:30:26.037770,6969,0
2025-11-26T14:30:27.083123,6380,0
2025-11-26T14:30:28.113529,6380,0
2025-11-26T14:30:29.148645,6418,0
2025-11-26T14:30:30.180743,7035,0
2025-11-26T14:30:31.233548,7035,0
2025-11-26T14:30:32.284592,7380,0
2025-11-26T14:30:33.316738,7380,0
2025-11-26T14:30:34.355401,6840,0
2025-11-26T14:30:35.385713,7065,0
2025-11-26T14:30:36.417867,7065,0
2025-11-26T14:30:37.447264,7663,0
2025-11-26T14:30:38.497313,7663,0
2025-11-26T14:30:39.526684,6681,0
2025-11-26T14:30:40.590666,6681,0
2025-11-26T14:30:41.625323,7607,0
2025-11-26T14:30:42.659622,7607,0
2025-11-26T14:30:43.693420,5897,0
2025-11-26T14:30:44.722604,6957,0
2025-11-26T14:30:45.751921,6975,0
2025-11-26T14:30:46.803807,6975,0
2025-11-26T14:30:47.875382,7039,0
2025-11-26T14:30:48.905598,7039,0
2025-11-26T14:30:49.937190,7420,0
2025-11-26T14:30:50.967936,7420,0
2025-11-26T14:30:52.016318,7830,0
2025-11-26T14:30:53.066067,7830,0
2025-11-26T14:30:54.103746,7085,0
2025-11-26T14:30:55.209466,7085,0
2025-11-26T14:30:56.243084,5850,0
2025-11-26T14:30:57.273269,5850,0
2025-11-26T14:30:58.307627,6511,0
2025-11-26T14:30:59.338378,6511,0
2025-11-26T14:31:00.369111,7079,0
2025-11-26T14:31:01.412355,7079,0
2025-11-26T14:31:02.441544,6991,0
2025-11-26T14:31:03.488719,6991,0
2025-11-26T14:31:04.558796,8036,0
2025-11-26T14:31:05.587808,8036,0
2025-11-26T14:31:06.633367,6994,0
2025-11-26T14:31:07.664444,6994,0
2025-11-26T14:31:08.707705,7328,0
2025-11-26T14:31:09.738069,7328,0
2025-11-26T14:31:10.792622,7715,0
2025-11-26T14:31:11.822678,5887,0
2025-11-26T14:31:12.858503,5887,0
2025-11-26T14:31:13.897584,7465,0
2025-11-26T14:31:14.933775,7465,0
2025-11-26T14:31:15.982274,6068,0
2025-11-26T14:31:17.084267,6068,0
2025-11-26T14:31:18.130746,6779,0
2025-11-26T14:31:19.179577,6779,0
2025-11-26T14:31:20.232897,5385,0
2025-11-26T14:31:21.266225,5385,0
2025-11-26T14:31:22.295583,6236,0
2025-11-26T14:31:23.352846,6236,0
2025-11-26T14:31:24.456822,7308,0
2025-11-26T14:31:25.502222,7308,0
2025-11-26T14:31:26.571755,5182,0
2025-11-26T14:31:27.611099,5182,0
2025-11-26T14:31:28.684886,5181,0
2025-11-26T14:31:29.742503,5181,0
2025-11-26T14:31:30.778667,5430,0
2025-11-26T14:31:31.810079,5456,0
2025-11-26T14:31:32.853631,5456,0
2025-11-26T14:31:33.901041,5465,0
2025-11-26T14:31:34.958012,5690,0
2025-11-26T14:31:36.006163,5690,0
2025-11-26T14:31:37.052240,5444,0
2025-11-26T14:31:38.097231,5317,0
2025-11-26T14:31:39.150173,5317,0
2025-11-26T14:31:40.181561,5707,0
2025-11-26T14:31:41.216431,5707,0
2025-11-26T14:31:42.417356,5820,0
2025-11-26T14:31:43.457586,5820,0
2025-11-26T14:31:44.506453,5378,0
2025-11-26T14:31:45.539192,5378,0
2025-11-26T14:31:46.574476,5456,0
2025-11-26T14:31:47.620013,5456,0
2025-11-26T14:31:48.667642,5278,0
2025-11-26T14:31:49.745605,5278,0
2025-11-26T14:31:50.820946,5307,0
2025-11-26T14:31:51.862660,5248,0
2025-11-26T14:31:52.924525,5248,0
2025-11-26T14:31:53.992771,5191,0
2025-11-26T14:31:55.042519,5191,0
2025-11-26T14:31:56.071895,5222,0
2025-11-26T14:31:57.124241,5222,0
2025-11-26T14:31:58.166225,5204,0
2025-11-26T14:31:59.212228,5204,0
2025-11-26T14:32:00.249028,5181,0
2025-11-26T14:32:01.279212,5181,0
2025-11-26T14:32:02.309069,5083,0
2025-11-26T14:32:03.340027,5083,0
2025-11-26T14:32:04.375400,5108,0
2025-11-26T14:32:05.436235,5108,0
2025-11-26T14:32:06.508316,5159,0
2025-11-26T14:32:07.540695,5159,0
2025-11-26T14:32:08.575084,5221,0
2025-11-26T14:32:09.606371,5221,0
2025-11-26T14:32:10.639411,5157,0
2025-11-26T14:32:11.683806,5157,0
2025-11-26T14:32:12.712894,5221,0
2025-11-26T14:32:13.798850,5220,0
2025-11-26T14:32:14.828707,5220,0
2025-11-26T14:32:15.857924,5130,0
2025-11-26T14:32:16.913821,5130,0
2025-11-26T14:32:17.957568,5151,0
2025-11-26T14:32:18.987172,5151,0
2025-11-26T14:32:20.022796,5180,0
2025-11-26T14:32:21.058527,5256,0
2025-11-26T14:32:22.087941,5256,0
2025-11-26T14:32:23.119944,5184,0
2025-11-26T14:32:24.185210,5184,0
2025-11-26T14:32:25.227642,5128,0
2025-11-26T14:32:26.267603,5128,0
2025-11-26T14:32:27.302645,5256,0
2025-11-26T14:32:28.332704,5256,0
2025-11-26T14:32:29.367906,5202,0
2025-11-26T14:32:30.400194,5202,0
2025-11-26T14:32:31.446627,5225,0
2025-11-26T14:32:32.476418,5225,0
2025-11-26T14:32:33.563107,5177,0
2025-11-26T14:32:34.598530,5177,0
2025-11-26T14:32:35.647183,5167,0
2025-11-26T14:32:36.676121,5281,0
2025-11-26T14:32:37.755344,5279,0
2025-11-26T14:32:38.790834,5279,0
2025-11-26T14:32:39.820575,5253,0
2025-11-26T14:32:40.881835,5253,0
2025-11-26T14:32:41.918479,5158,0
2025-11-26T14:32:42.972528,5158,0
2025-11-26T14:32:44.010548,5221,0
2025-11-26T14:32:45.065517,5221,0
2025-11-26T14:32:46.118652,5233,0
2025-11-26T14:32:47.172254,5233,0
2025-11-26T14:32:48.212234,5226,0
2025-11-26T14:32:49.241433,5226,0
2025-11-26T14:32:50.286933,5171,0
2025-11-26T14:32:51.316658,5171,0
2025-11-26T14:32:52.384637,5258,0
2025-11-26T14:32:53.428246,5258,0
2025-11-26T14:32:54.458574,5236,0
2025-11-26T14:32:55.487564,5236,0
2025-11-26T14:32:56.533616,5275,0
2025-11-26T14:32:57.563839,5275,0
2025-11-26T14:32:58.607070,5167,0
2025-11-26T14:32:59.675513,5167,0
2025-11-26T14:33:00.705817,5217,0
2025-11-26T14:33:01.734812,5217,0
2025-11-26T14:33:02.793242,5160,0
2025-11-26T14:33:03.833956,5158,0
2025-11-26T14:33:04.876416,5158,0
2025-11-26T14:33:05.906082,5172,0
2025-11-26T14:33:06.951459,5172,0
2025-11-26T14:33:07.983850,5222,0
2025-11-26T14:33:09.081640,5222,0
2025-11-26T14:33:10.111140,5170,0
2025-11-26T14:33:11.156160,5170,0
2025-11-26T14:33:12.206906,5125,0
2025-11-26T14:33:13.254523,5125,0
2025-11-26T14:33:14.283544,5170,0
2025-11-26T14:33:15.330367,5170,0
2025-11-26T14:33:16.370533,5234,0
2025-11-26T14:33:17.400238,5234,0
2025-11-26T14:33:18.446654,5246,0
2025-11-26T14:33:19.480221,5246,0
2025-11-26T14:33:20.525763,5153,0
2025-11-26T14:33:21.557175,5153,0
2025-11-26T14:33:22.602735,5142,0
2025-11-26T14:33:23.647773,5142,0
2025-11-26T14:33:24.694590,5170,0
2025-11-26T14:33:25.724093,5170,0
2025-11-26T14:33:26.774141,5233,0
2025-11-26T14:33:27.802586,5120,0
2025-11-26T14:33:28.845002,5120,0
2025-11-26T14:33:29.875865,5193,0
2025-11-26T14:33:30.909917,5193,0
2025-11-26T14:33:31.941947,5162,0
2025-11-26T14:33:32.991238,5162,0
2025-11-26T14:33:34.044098,5256,0
2025-11-26T14:33:35.084086,5256,0
2025-11-26T14:33:36.123171,5279,0
2025-11-26T14:33:37.160544,5279,0
2025-11-26T14:33:38.189926,5245,0
2025-11-26T14:33:39.236183,5245,0
2025-11-26T14:33:40.286504,5182,0
2025-11-26T14:33:41.324494,5182,0
2025-11-26T14:33:42.365400,5132,0
2025-11-26T14:33:43.394699,5132,0
2025-11-26T14:33:44.428120,5198,0
2025-11-26T14:33:45.482551,5198,0
2025-11-26T14:33:46.511472,5176,0
2025-11-26T14:33:47.563071,5176,0
2025-11-26T14:33:48.602248,5308,0
2025-11-26T14:33:49.633957,5308,0
2025-11-26T14:33:50.676400,5300,0
2025-11-26T14:33:51.705536,5300,0
2025-11-26T14:33:52.758189,5206,0
2025-11-26T14:33:53.811638,5233,0
2025-11-26T14:33:54.844793,5233,0
2025-11-26T14:33:55.881178,5288,0
2025-11-26T14:33:56.910730,5288,0
2025-11-26T14:33:57.946091,5328,0
2025-11-26T14:33:58.980894,5328,0
2025-11-26T14:34:00.029534,5335,0
2025-11-26T14:34:01.078445,5335,0
2025-11-26T14:34:02.174554,5312,0
2025-11-26T14:34:03.225055,5312,0
2025-11-26T14:34:04.266993,5236,0
2025-11-26T14:34:05.349462,5236,0
2025-11-26T14:34:06.404929,5309,0
2025-11-26T14:34:07.442553,5309,0
2025-11-26T14:34:08.489649,5224,0
2025-11-26T14:34:09.589281,5224,0
2025-11-26T14:34:10.626079,5253,0
2025-11-26T14:34:11.659633,5253,0
2025-11-26T14:34:12.692227,5292,0
2025-11-26T14:34:13.724268,5292,0
2025-11-26T14:34:14.771063,5208,0
2025-11-26T14:34:15.826576,5203,0
2025-11-26T14:34:16.857386,5203,0
2025-11-26T14:34:17.901874,5196,0
2025-11-26T14:34:18.934684,5196,0
2025-11-26T14:34:19.991268,5219,0
2025-11-26T14:34:21.023380,5219,0
2025-11-26T14:34:22.067282,5154,0
2025-11-26T14:34:23.117397,5154,0
2025-11-26T14:34:24.147630,5221,0
2025-11-26T14:34:25.176804,5221,0
2025-11-26T14:34:26.209815,5275,0
2025-11-26T14:34:27.239624,5275,0
2025-11-26T14:34:28.286029,5154,0
2025-11-26T14:34:29.315270,5154,0
2025-11-26T14:34:30.361500,5172,0
2025-11-26T14:34:31.392054,5172,0
2025-11-26T14:34:32.427282,5211,0
2025-11-26T14:34:33.466728,5211,0
2025-11-26T14:34:34.499033,5255,0
2025-11-26T14:34:35.558074,5255,0
2025-11-26T14:34:36.607597,5354,0
2025-11-26T14:34:37.638217,5354,0
2025-11-26T14:34:38.668398,5259,0
2025-11-26T14:34:39.708717,5259,0
2025-11-26T14:34:40.745639,5177,0
2025-11-26T14:34:41.808687,5317,0
2025-11-26T14:34:42.874931,5341,0
2025-11-26T14:34:43.904806,5341,0
2025-11-26T14:34:44.937329,5185,0
2025-11-26T14:34:45.978048,5185,0
2025-11-26T14:34:47.028565,5240,0
2025-11-26T14:34:48.088421,5240,0
2025-11-26T14:34:49.146784,5374,0
2025-11-26T14:34:50.221664,5374,0
2025-11-26T14:34:51.272833,5245,0
2025-11-26T14:34:52.303189,5343,0
2025-11-26T14:34:53.335173,5343,0
2025-11-26T14:34:54.405819,5177,0
2025-11-26T14:34:55.524153,5177,0
2025-11-26T14:34:56.553253,5188,0
2025-11-26T14:34:57.599646,5188,0
2025-11-26T14:34:58.634670,5276,0
2025-11-26T14:34:59.667829,5276,0
2025-11-26T14:35:00.707861,5242,0
2025-11-26T14:35:01.743584,5242,0
2025-11-26T14:35:02.773887,5272,0
2025-11-26T14:35:03.817861,5155,0
2025-11-26T14:35:04.850156,5155,0
2025-11-26T14:35:05.891789,5209,0
2025-11-26T14:35:06.924327,5209,0
2025-11-26T14:35:07.957910,5350,0
2025-11-26T14:35:09.004212,5350,0
2025-11-26T14:35:10.065356,5286,0
2025-11-26T14:35:11.102775,5286,0
2025-11-26T14:35:12.168554,8454,0
2025-11-26T14:35:13.199935,8454,0
2025-11-26T14:35:14.234168,7142,0
2025-11-26T14:35:15.268835,5586,0
2025-11-26T14:35:16.310690,5586,0
2025-11-26T14:35:17.367954,6749,0
2025-11-26T14:35:18.407587,6749,0
2025-11-26T14:35:19.439108,8088,0
2025-11-26T14:35:20.479509,8088,0
2025-11-26T14:35:21.510755,8409,0
2025-11-26T14:35:22.562547,8409,0
2025-11-26T14:35:23.612807,5944,0
2025-11-26T14:35:24.642737,5944,0
2025-11-26T14:35:25.683538,6456,0
2025-11-26T14:35:26.716739,6456,0
2025-11-26T14:35:27.758521,7644,0
2025-11-26T14:35:28.803254,7644,0
2025-11-26T14:35:29.834160,6551,0
2025-11-26T14:35:30.884444,6349,0
2025-11-26T14:35:31.914081,6799,0
2025-11-26T14:35:32.946358,6799,0
2025-11-26T14:35:33.984925,7103,0
2025-11-26T14:35:35.047564,7103,0
2025-11-26T14:35:36.084747,6010,0
2025-11-26T14:35:37.138334,5707,0
2025-11-26T14:35:38.189092,5707,0
2025-11-26T14:35:39.249235,6456,0
2025-11-26T14:35:40.281400,6456,0
2025-11-26T14:35:41.329605,6325,0
2025-11-26T14:35:42.361607,6325,0
2025-11-26T14:35:43.403655,8385,0
2025-11-26T14:35:44.434313,8385,0
2025-11-26T14:35:45.517932,6763,0
2025-11-26T14:35:46.585676,6763,0
2025-11-26T14:35:47.621239,7086,0
2025-11-26T14:35:48.673584,7086,0
2025-11-26T14:35:49.742595,6162,0
2025-11-26T14:35:50.791627,6162,0
2025-11-26T14:35:51.821906,6504,0
2025-11-26T14:35:52.867253,6300,0
2025-11-26T14:35:53.905187,8298,0
2025-11-26T14:35:54.965955,8298,0
2025-11-26T14:35:56.001367,6612,0
2025-11-26T14:35:57.031827,6612,0
2025-11-26T14:35:58.063877,6429,0
2025-11-26T14:35:59.126818,6429,0
2025-11-26T14:36:00.172334,7881,0
2025-11-26T14:36:01.207814,7881,0
2025-11-26T14:36:02.239950,6215,0
2025-11-26T14:36:03.270750,6215,0
2025-11-26T14:36:04.301531,7092,0
2025-11-26T14:36:05.425551,7092,0
2025-11-26T14:36:06.465493,6071,0
2025-11-26T14:36:07.512706,6071,0
2025-11-26T14:36:08.564222,8388,0
2025-11-26T14:36:09.618017,8388,0
2025-11-26T14:36:10.665854,8072,0
2025-11-26T14:36:11.711346,8072,0
2025-11-26T14:36:12.743032,6644,0
2025-11-26T14:36:13.794241,6644,0
2025-11-26T14:36:14.829234,8257,0
2025-11-26T14:36:15.858952,9955,0
2025-11-26T14:36:16.890752,9955,0
2025-11-26T14:36:17.921236,6473,0
2025-11-26T14:36:18.952011,6473,0
2025-11-26T14:36:19.981759,6453,0
2025-11-26T14:36:21.030106,6453,0
2025-11-26T14:36:22.083667,5698,0
2025-11-26T14:36:23.129729,5698,0
2025-11-26T14:36:24.163470,8764,0
2025-11-26T14:36:25.197844,8764,0
2025-11-26T14:36:26.228262,6526,0
2025-11-26T14:36:27.276439,6526,0
2025-11-26T14:36:28.330444,6754,0
2025-11-26T14:36:29.362597,7757,0
2025-11-26T14:36:30.393318,7757,0
2025-11-26T14:36:31.429313,7012,0
2025-11-26T14:36:32.459948,7012,0
2025-11-26T14:36:33.491244,6553,0
2025-11-26T14:36:34.548486,6553,0
2025-11-26T14:36:35.596698,8164,0
2025-11-26T14:36:36.631937,6913,0
2025-11-26T14:36:37.662593,6913,0
2025-11-26T14:36:38.696399,8424,0
2025-11-26T14:36:39.745786,8424,0
2025-11-26T14:36:40.793808,9727,0
2025-11-26T14:36:41.846060,6285,0
2025-11-26T14:36:42.876609,6285,0
2025-11-26T14:36:43.928228,8366,0
2025-11-26T14:36:44.962439,8366,0
2025-11-26T14:36:45.991446,8633,0
2025-11-26T14:36:47.038157,8633,0
2025-11-26T14:36:48.066867,6066,0
2025-11-26T14:36:49.114207,6066,0
2025-11-26T14:36:50.144056,5757,0
2025-11-26T14:36:51.180707,5757,0
2025-11-26T14:36:52.224997,5997,0
2025-11-26T14:36:53.265101,5997,0
2025-11-26T14:36:54.340779,7469,0
2025-11-26T14:36:55.379162,7469,0
2025-11-26T14:36:56.410892,6081,0
2025-11-26T14:36:57.451995,6081,0
2025-11-26T14:36:58.487402,6473,0
2025-11-26T14:36:59.532092,6473,0
2025-11-26T14:37:00.580874,6316,0
2025-11-26T14:37:01.616140,6316,0
2025-11-26T14:37:02.658240,7635,0
2025-11-26T14:37:03.687454,7635,0
2025-11-26T14:37:04.717240,6158,0
2025-11-26T14:37:05.756874,6158,0
2025-11-26T14:37:06.800204,6709,0
2025-11-26T14:37:07.829449,6709,0
2025-11-26T14:37:08.876163,6279,0
2025-11-26T14:37:09.905855,7053,0
2025-11-26T14:37:10.968947,7053,0
2025-11-26T14:37:12.001531,6130,0
2025-11-26T14:37:13.045294,6130,0
2025-11-26T14:37:14.074409,7018,0
2025-11-26T14:37:15.170143,7018,0
2025-11-26T14:37:16.200595,7566,0
2025-11-26T14:37:17.245773,7566,0
2025-11-26T14:37:18.298414,6772,0
2025-11-26T14:37:19.328464,6772,0
2025-11-26T14:37:20.371275,6621,0
2025-11-26T14:37:21.400696,6621,0
2025-11-26T14:37:22.430225,7687,0
2025-11-26T14:37:23.489766,7687,0
2025-11-26T14:37:24.524041,8138,0
2025-11-26T14:37:25.569902,8138,0
2025-11-26T14:37:26.598718,8718,0
2025-11-26T14:37:27.635414,8718,0
2025-11-26T14:37:28.695912,8252,0
2025-11-26T14:37:29.739586,8252,0
2025-11-26T14:37:30.797382,6938,0
2025-11-26T14:37:31.828279,6938,0
2025-11-26T14:37:32.860080,6897,0
2025-11-26T14:37:33.890313,6897,0
2025-11-26T14:37:34.930702,7397,0
2025-11-26T14:37:35.983958,7397,0
2025-11-26T14:37:37.017838,7548,0
2025-11-26T14:37:38.058160,7548,0
2025-11-26T14:37:39.091587,10307,0
2025-11-26T14:37:40.129797,10307,0
2025-11-26T14:37:41.163760,6676,0
2025-11-26T14:37:42.193170,6676,0
2025-11-26T14:37:43.224552,9931,0
2025-11-26T14:37:44.253653,9664,0
2025-11-26T14:37:45.303273,9664,0
2025-11-26T14:37:46.354661,9414,0
2025-11-26T14:37:47.418859,9414,0
2025-11-26T14:37:48.448249,9124,0
2025-11-26T14:37:49.478815,9124,0
2025-11-26T14:37:50.524841,6933,0
2025-11-26T14:37:51.554687,6933,0
2025-11-26T14:37:52.607033,7434,0
2025-11-26T14:37:53.647107,7434,0
2025-11-26T14:37:54.679723,7713,0
2025-11-26T14:37:55.714647,8322,0
2025-11-26T14:37:56.745091,8322,0
2025-11-26T14:37:57.777694,7428,0
2025-11-26T14:37:58.820819,7428,0
2025-11-26T14:37:59.851230,7149,0
2025-11-26T14:38:00.893135,6365,0
2025-11-26T14:38:01.924333,12369,0
2025-11-26T14:38:02.954737,12369,0
2025-11-26T14:38:03.984322,9147,0
2025-11-26T14:38:05.070814,9147,0
2025-11-26T14:38:06.120109,10091,0
2025-11-26T14:38:07.151824,10091,0
2025-11-26T14:38:08.182499,7375,0
2025-11-26T14:38:09.218888,8391,0
2025-11-26T14:38:10.249666,8391,0
2025-11-26T14:38:11.282493,6761,0
2025-11-26T14:38:12.333800,6761,0
2025-11-26T14:38:13.367451,6311,0
2025-11-26T14:38:14.413172,8294,0
2025-11-26T14:38:15.442357,8294,0
2025-11-26T14:38:16.474087,6756,0
2025-11-26T14:38:17.504928,6756,0
2025-11-26T14:38:18.534347,7290,0
2025-11-26T14:38:19.563954,5752,0
2025-11-26T14:38:20.593802,5752,0
2025-11-26T14:38:21.628207,6395,0
2025-11-26T14:38:22.678532,6395,0
2025-11-26T14:38:23.708950,8164,0
2025-11-26T14:38:24.763001,8164,0
2025-11-26T14:38:25.798625,10026,0
2025-11-26T14:38:26.831291,10026,0
2025-11-26T14:38:27.860593,6998,0
2025-11-26T14:38:28.899627,6500,0
2025-11-26T14:38:29.950514,6500,0
2025-11-26T14:38:31.006128,6878,0
2025-11-26T14:38:32.047136,7195,0
2025-11-26T14:38:33.076639,7195,0
2025-11-26T14:38:34.105738,8055,0
2025-11-26T14:38:35.177535,8055,0
2025-11-26T14:38:36.232211,7396,0
2025-11-26T14:38:37.261371,7396,0
2025-11-26T14:38:38.291938,6435,0
2025-11-26T14:38:39.326778,6435,0
2025-11-26T14:38:40.360227,7817,0
2025-11-26T14:38:41.393641,7817,0
2025-11-26T14:38:42.424032,6134,0
2025-11-26T14:38:43.465421,6134,0
2025-11-26T14:38:44.513652,7919,0
2025-11-26T14:38:45.561420,7919,0
2025-11-26T14:38:46.595492,6641,0
2025-11-26T14:38:47.663039,6641,0
2025-11-26T14:38:48.693947,7938,0
2025-11-26T14:38:49.742754,7938,0
2025-11-26T14:38:50.772693,6510,0
2025-11-26T14:38:51.812086,7811,0
2025-11-26T14:38:52.852215,7811,0
2025-11-26T14:38:53.892561,7206,0
2025-11-26T14:38:54.933128,9406,0
2025-11-26T14:38:55.963727,9406,0
2025-11-26T14:38:57.009214,6818,0
2025-11-26T14:38:58.042240,6818,0
2025-11-26T14:38:59.076997,7981,0
2025-11-26T14:39:00.112322,7981,0
2025-11-26T14:39:01.142841,7476,0
2025-11-26T14:39:02.204684,7476,0
2025-11-26T14:39:03.234509,7510,0
2025-11-26T14:39:04.281351,7510,0
2025-11-26T14:39:05.336953,6815,0
2025-11-26T14:39:06.375504,6815,0
2025-11-26T14:39:07.408142,7514,0
2025-11-26T14:39:08.452348,7514,0
2025-11-26T14:39:09.492374,9572,0
2025-11-26T14:39:10.530246,9572,0
2025-11-26T14:39:11.560882,7913,0
2025-11-26T14:39:12.604233,6841,0
2025-11-26T14:39:13.652431,6841,0
2025-11-26T14:39:14.702763,8012,0
2025-11-26T14:39:15.753393,8097,0
2025-11-26T14:39:16.785192,8097,0
2025-11-26T14:39:17.832481,6697,0
2025-11-26T14:39:18.861786,8207,0
2025-11-26T14:39:19.899131,6851,0
2025-11-26T14:39:20.941741,6851,0
2025-11-26T14:39:21.972060,7749,0
2025-11-26T14:39:23.023931,7749,0
2025-11-26T14:39:24.080674,6504,0
2025-11-26T14:39:25.120207,6504,0
2025-11-26T14:39:26.166447,7678,0
2025-11-26T14:39:27.199807,7678,0
2025-11-26T14:39:28.244723,6065,0
2025-11-26T14:39:29.276191,5690,0
2025-11-26T14:39:30.316624,5690,0
2025-11-26T14:39:31.346021,5293,0
2025-11-26T14:39:32.376738,5293,0
2025-11-26T14:39:33.406824,5399,0
2025-11-26T14:39:34.439243,5399,0
2025-11-26T14:39:35.483868,6119,0
2025-11-26T14:39:36.542762,6940,0
2025-11-26T14:39:37.578548,6940,0
2025-11-26T14:39:38.643541,9007,0
2025-11-26T14:39:39.682288,9007,0
2025-11-26T14:39:40.711858,10424,0
2025-11-26T14:39:41.763117,10424,0
2025-11-26T14:39:42.811556,5618,0
2025-11-26T14:39:43.843033,5618,0
2025-11-26T14:39:44.881823,5852,0
2025-11-26T14:39:45.927348,6673,0
2025-11-26T14:39:46.961179,6673,0
2025-11-26T14:39:48.011254,5766,0
2025-11-26T14:39:49.040685,5766,0
2025-11-26T14:39:50.070819,5647,0
2025-11-26T14:39:51.114790,5647,0
2025-11-26T14:39:52.148607,5910,0
2025-11-26T14:39:53.212647,5910,0
2025-11-26T14:39:54.254143,6169,0
2025-11-26T14:39:55.285247,6169,0
2025-11-26T14:39:56.320653,6378,0
2025-11-26T14:39:57.352158,6378,0
2025-11-26T14:39:58.386021,7126,0
2025-11-26T14:39:59.424997,7126,0
2025-11-26T14:40:00.469854,6244,0
2025-11-26T14:40:01.499243,6244,0
2025-11-26T14:40:02.547491,8570,0
2025-11-26T14:40:03.579025,8570,0
2025-11-26T14:40:04.609173,10306,0
2025-11-26T14:40:05.641551,10306,0
2025-11-26T14:40:06.670549,8975,0
2025-11-26T14:40:07.707913,8975,0
2025-11-26T14:40:08.736814,6734,0
2025-11-26T14:40:09.768240,6734,0
2025-11-26T14:40:10.810983,6838,0
2025-11-26T14:40:11.839570,6838,0
2025-11-26T14:40:12.889510,5862,0
2025-11-26T14:40:13.920928,6437,0
2025-11-26T14:40:14.954856,6437,0
2025-11-26T14:40:15.994572,6531,0
2025-11-26T14:40:17.025416,6531,0
2025-11-26T14:40:18.062759,6501,0
2025-11-26T14:40:19.107568,6501,0
2025-11-26T14:40:20.166355,6335,0
2025-11-26T14:40:21.196125,6335,0
2025-11-26T14:40:22.228184,9960,0
2025-11-26T14:40:23.261821,9960,0
2025-11-26T14:40:24.328301,11254,0
2025-11-26T14:40:25.358462,11254,0
2025-11-26T14:40:26.408427,8400,0
2025-11-26T14:40:27.451941,9389,0
2025-11-26T14:40:28.487876,9389,0
2025-11-26T14:40:29.525945,7375,0
2025-11-26T14:40:30.558054,7375,0
2025-11-26T14:40:31.600848,6301,0
2025-11-26T14:40:32.635610,6301,0
2025-11-26T14:40:33.678057,6131,0
2025-11-26T14:40:34.721604,6131,0
2025-11-26T14:40:35.758037,10414,0
2025-11-26T14:40:36.789528,10414,0
2025-11-26T14:40:37.821404,8115,0
2025-11-26T14:40:38.868629,8115,0
2025-11-26T14:40:39.902226,7147,0
2025-11-26T14:40:40.948533,5645,0
2025-11-26T14:40:41.982239,5645,0
2025-11-26T14:40:43.011856,5723,0
2025-11-26T14:40:44.049012,5723,0
2025-11-26T14:40:45.079333,6393,0
2025-11-26T14:40:46.122643,6393,0
2025-11-26T14:40:47.164251,6317,0
2025-11-26T14:40:48.195582,6317,0
2025-11-26T14:40:49.242728,6153,0
2025-11-26T14:40:50.272471,6153,0
2025-11-26T14:40:51.301564,7577,0
2025-11-26T14:40:52.331782,7577,0
2025-11-26T14:40:53.376101,8273,0
2025-11-26T14:40:54.492283,8273,0
2025-11-26T14:40:55.521622,9715,0
2025-11-26T14:40:56.550708,9715,0
2025-11-26T14:40:57.580827,6880,0
2025-11-26T14:40:58.639124,6880,0
2025-11-26T14:40:59.691921,8008,0
2025-11-26T14:41:00.722810,8008,0
2025-11-26T14:41:01.767361,6808,0
2025-11-26T14:41:02.801525,6808,0
2025-11-26T14:41:03.830932,6479,0
2025-11-26T14:41:04.861613,6479,0
2025-11-26T14:41:05.903306,6341,0
2025-11-26T14:41:06.933909,5644,0
2025-11-26T14:41:07.975793,7045,0
2025-11-26T14:41:09.014909,7045,0
2025-11-26T14:41:10.046798,6067,0
2025-11-26T14:41:11.105455,6067,0
2025-11-26T14:41:12.149562,7039,0
2025-11-26T14:41:13.205415,7039,0
2025-11-26T14:41:14.236847,6265,0
2025-11-26T14:41:15.277669,6265,0
2025-11-26T14:41:16.310398,6099,0
2025-11-26T14:41:17.341779,7074,0
2025-11-26T14:41:18.397506,7056,0
2025-11-26T14:41:19.481171,7056,0
2025-11-26T14:41:20.511591,5706,0
2025-11-26T14:41:21.546414,5706,0
2025-11-26T14:41:22.576686,6616,0
2025-11-26T14:41:23.620946,7214,0
2025-11-26T14:41:24.688872,7214,0
2025-11-26T14:41:25.723069,8509,0
2025-11-26T14:41:26.753000,8509,0
2025-11-26T14:41:27.782871,8839,0
2025-11-26T14:41:28.817800,8839,0
2025-11-26T14:41:29.847082,6100,0
2025-11-26T14:41:30.889178,6100,0
2025-11-26T14:41:31.918515,6000,0
2025-11-26T14:41:32.967461,6451,0
2025-11-26T14:41:34.023731,8596,0
2025-11-26T14:41:35.054418,8596,0
2025-11-26T14:41:36.085615,6158,0
2025-11-26T14:41:37.115098,6158,0
2025-11-26T14:41:38.160490,5893,0
2025-11-26T14:41:39.216236,5893,0
2025-11-26T14:41:40.248902,6051,0
2025-11-26T14:41:41.292471,6870,0
2025-11-26T14:41:42.321537,6870,0
2025-11-26T14:41:43.352196,5806,0
2025-11-26T14:41:44.386329,5806,0
2025-11-26T14:41:45.451773,7500,0
2025-11-26T14:41:46.486738,6966,0
2025-11-26T14:41:47.524519,6966,0
2025-11-26T14:41:48.558153,7479,0
2025-11-26T14:41:49.588691,7479,0
2025-11-26T14:41:50.627501,8353,0
2025-11-26T14:41:51.656566,8283,0
2025-11-26T14:41:52.698564,8283,0
2025-11-26T14:41:53.750202,7899,0
2025-11-26T14:41:54.779788,8659,0
2025-11-26T14:41:55.810780,8659,0
2025-11-26T14:41:56.843199,7414,0
2025-11-26T14:41:57.880796,7414,0
2025-11-26T14:41:58.912196,8555,0
2025-11-26T14:41:59.942242,8490,0
2025-11-26T14:42:01.003527,8173,0
2025-11-26T14:42:02.055515,8173,0
2025-11-26T14:42:03.086800,8533,0
2025-11-26T14:42:04.118799,8533,0
2025-11-26T14:42:05.171591,7293,0
2025-11-26T14:42:06.202855,7293,0
2025-11-26T14:42:07.271201,8234,0
2025-11-26T14:42:08.302566,8234,0
2025-11-26T14:42:09.342650,6791,0
2025-11-26T14:42:10.377132,6791,0
2025-11-26T14:42:11.410217,7428,0
2025-11-26T14:42:12.463447,7428,0
2025-11-26T14:42:13.519212,9397,0
2025-11-26T14:42:14.583498,9397,0
2025-11-26T14:42:15.615329,9123,0
2025-11-26T14:42:16.735664,9123,0
2025-11-26T14:42:17.786665,8262,0
2025-11-26T14:42:18.841936,8262,0
2025-11-26T14:42:19.883900,6259,0
2025-11-26T14:42:20.916450,5438,0
2025-11-26T14:42:21.988645,6519,0
2025-11-26T14:42:23.018982,6519,0
2025-11-26T14:42:24.069399,6438,0
2025-11-26T14:42:25.098569,6438,0
2025-11-26T14:42:26.147562,7128,0
2025-11-26T14:42:27.179320,7128,0
2025-11-26T14:42:28.213824,6701,0
2025-11-26T14:42:29.256528,6741,0
2025-11-26T14:42:30.287313,6741,0
2025-11-26T14:42:31.334813,6821,0
2025-11-26T14:42:32.375522,6821,0
2025-11-26T14:42:33.410596,5767,0
2025-11-26T14:42:34.439816,5767,0
2025-11-26T14:42:35.474504,6689,0
2025-11-26T14:42:36.505516,6689,0
2025-11-26T14:42:37.562843,9058,0
2025-11-26T14:42:38.605570,9058,0
2025-11-26T14:42:39.653517,8798,0
2025-11-26T14:42:40.685780,8798,0
2025-11-26T14:42:41.715415,7233,0
2025-11-26T14:42:42.744383,7233,0
2025-11-26T14:42:43.804691,6114,0
2025-11-26T14:42:44.852160,6114,0
2025-11-26T14:42:45.890296,6854,0
2025-11-26T14:42:46.928563,7292,0
2025-11-26T14:42:47.964656,11427,0
2025-11-26T14:42:48.994212,11427,0
2025-11-26T14:42:50.025799,6261,0
2025-11-26T14:42:51.073131,5610,0
2025-11-26T14:42:52.133202,5610,0
2025-11-26T14:42:53.162634,5722,0
2025-11-26T14:42:54.194482,5722,0
2025-11-26T14:42:55.301226,6624,0
2025-11-26T14:42:56.331588,6624,0
2025-11-26T14:42:57.361140,6524,0
2025-11-26T14:42:58.398852,6524,0
2025-11-26T14:42:59.431217,6209,0
2025-11-26T14:43:00.460171,6209,0
2025-11-26T14:43:01.516694,6172,0
2025-11-26T14:43:02.579032,7105,0
2025-11-26T14:43:03.608450,7105,0
2025-11-26T14:43:04.649561,7858,0
2025-11-26T14:43:05.689409,7858,0
2025-11-26T14:43:06.735316,7549,0
2025-11-26T14:43:07.764881,7549,0
2025-11-26T14:43:08.815505,6349,0
2025-11-26T14:43:09.848080,6349,0
2025-11-26T14:43:10.879651,6032,0
2025-11-26T14:43:11.911993,5469,0
2025-11-26T14:43:12.941952,5408,0
2025-11-26T14:43:13.970797,5408,0
2025-11-26T14:43:15.032167,5241,0
2025-11-26T14:43:16.091893,8198,0
2025-11-26T14:43:17.131586,8198,0
2025-11-26T14:43:18.160792,5462,0
2025-11-26T14:43:19.192534,5462,0
2025-11-26T14:43:20.223203,5186,0
2025-11-26T14:43:21.253240,5186,0
2025-11-26T14:43:22.301196,5299,0
2025-11-26T14:43:23.329529,5299,0
2025-11-26T14:43:24.374221,5264,0
2025-11-26T14:43:25.423180,5264,0
2025-11-26T14:43:26.457865,5403,0
2025-11-26T14:43:27.489312,5403,0
2025-11-26T14:43:28.526608,5342,0
2025-11-26T14:43:29.577253,5342,0
2025-11-26T14:43:30.630877,5178,0
2025-11-26T14:43:31.668009,5341,0
2025-11-26T14:43:32.699265,5341,0
2025-11-26T14:43:33.728579,5162,0
2025-11-26T14:43:34.762488,5162,0
2025-11-26T14:43:35.793214,5229,0
2025-11-26T14:43:36.845083,5229,0
2025-11-26T14:43:37.899098,5247,0
2025-11-26T14:43:38.935700,5233,0
2025-11-26T14:43:39.969823,5233,0
2025-11-26T14:43:40.998866,5264,0
2025-11-26T14:43:42.038862,5264,0
2025-11-26T14:43:43.093428,5199,0
2025-11-26T14:43:44.143258,5199,0
2025-11-26T14:43:45.174888,5167,0
2025-11-26T14:43:46.204056,5167,0
2025-11-26T14:43:47.244042,5180,0
2025-11-26T14:43:48.291178,5180,0
2025-11-26T14:43:49.334661,5196,0
2025-11-26T14:43:50.363831,5196,0
2025-11-26T14:43:51.449215,5231,0
2025-11-26T14:43:52.479874,5231,0
2025-11-26T14:43:53.509535,5175,0
2025-11-26T14:43:54.583741,5175,0
2025-11-26T14:43:55.617291,5247,0
2025-11-26T14:43:56.651389,5247,0
2025-11-26T14:43:57.688842,5131,0
2025-11-26T14:43:58.720748,5131,0
2025-11-26T14:43:59.759841,5238,0
2025-11-26T14:44:00.805345,5238,0
2025-11-26T14:44:01.856699,5135,0
2025-11-26T14:44:02.889648,5135,0
2025-11-26T14:44:03.921292,5163,0
2025-11-26T14:44:04.971180,5284,0
2025-11-26T14:44:06.028640,5284,0
2025-11-26T14:44:07.092538,5229,0
2025-11-26T14:44:08.122530,5229,0
2025-11-26T14:44:09.161419,5239,0
2025-11-26T14:44:10.190371,5239,0
2025-11-26T14:44:11.220956,5230,0
2025-11-26T14:44:12.273035,5230,0
2025-11-26T14:44:13.303353,5225,0
2025-11-26T14:44:14.357073,5225,0
2025-11-26T14:44:15.390201,5255,0
2025-11-26T14:44:16.428044,5255,0
2025-11-26T14:44:17.489829,5206,0
2025-11-26T14:44:18.521737,5206,0
2025-11-26T14:44:19.572755,5178,0
2025-11-26T14:44:20.605819,5178,0
2025-11-26T14:44:21.637426,5209,0
2025-11-26T14:44:22.674074,5209,0
2025-11-26T14:44:23.715644,5251,0
2025-11-26T14:44:24.902337,5251,0
2025-11-26T14:44:25.958202,5251,0
2025-11-26T14:44:26.989359,5282,0
2025-11-26T14:44:28.023773,5282,0
2025-11-26T14:44:29.063371,5208,0
2025-11-26T14:44:30.095849,5208,0
2025-11-26T14:44:31.151599,5237,0
2025-11-26T14:44:32.186490,5237,0
2025-11-26T14:44:33.218667,5206,0
2025-11-26T14:44:34.249626,5206,0
2025-11-26T14:44:35.284268,5418,0
2025-11-26T14:44:36.321038,5418,0
2025-11-26T14:44:37.358598,5377,0
2025-11-26T14:44:38.389271,5377,0
2025-11-26T14:44:39.456173,5335,0
2025-11-26T14:44:40.491154,5419,0
2025-11-26T14:44:41.520957,5419,0
2025-11-26T14:44:42.554268,5332,0
2025-11-26T14:44:43.607685,5332,0
2025-11-26T14:44:44.638347,5301,0
2025-11-26T14:44:45.677869,5301,0
2025-11-26T14:44:46.712548,5454,0
2025-11-26T14:44:47.749435,5454,0
2025-11-26T14:44:48.804385,5322,0
2025-11-26T14:44:49.833905,5322,0
2025-11-26T14:44:50.876286,5361,0
2025-11-26T14:44:51.904658,5361,0
2025-11-26T14:44:52.955252,5486,0
2025-11-26T14:44:53.989958,5384,0
2025-11-26T14:44:55.021141,5384,0
2025-11-26T14:44:56.059385,5410,0
2025-11-26T14:44:57.089666,5363,0
2025-11-26T14:44:58.118631,5363,0
2025-11-26T14:44:59.149526,5373,0
2025-11-26T14:45:00.204843,5373,0
2025-11-26T14:45:01.257712,5395,0
2025-11-26T14:45:02.291276,5395,0
2025-11-26T14:45:03.323712,5344,0
2025-11-26T14:45:04.354397,5392,0
2025-11-26T14:45:05.386624,5392,0
2025-11-26T14:45:06.439631,5408,0
2025-11-26T14:45:07.468789,5408,0
2025-11-26T14:45:08.520416,5592,0
2025-11-26T14:45:09.553293,5592,0
2025-11-26T14:45:10.584859,5558,0
2025-11-26T14:45:11.623813,5558,0
2025-11-26T14:45:12.653461,5382,0
2025-11-26T14:45:13.682571,5291,0
2025-11-26T14:45:14.734926,5291,0
2025-11-26T14:45:15.763778,5545,0
2025-11-26T14:45:16.818028,5545,0
2025-11-26T14:45:17.847055,5489,0
2025-11-26T14:45:18.917203,5489,0
2025-11-26T14:45:20.001521,5454,0
2025-11-26T14:45:21.030943,5424,0
2025-11-26T14:45:22.063277,5424,0
2025-11-26T14:45:23.109270,5557,0
2025-11-26T14:45:24.156326,5510,0
2025-11-26T14:45:25.188133,5510,0
2025-11-26T14:45:26.234858,5495,0
2025-11-26T14:45:27.286619,5495,0
2025-11-26T14:45:28.315525,5454,0
2025-11-26T14:45:29.345107,5454,0
2025-11-26T14:45:30.403215,5369,0
2025-11-26T14:45:31.468929,5369,0
2025-11-26T14:45:32.499143,5349,0
2025-11-26T14:45:33.550428,5349,0
2025-11-26T14:45:34.581104,5253,0
2025-11-26T14:45:35.709444,5253,0
2025-11-26T14:45:36.751782,5169,0
2025-11-26T14:45:37.781502,5169,0
2025-11-26T14:45:38.829922,5272,0
2025-11-26T14:45:39.859466,5272,0
2025-11-26T14:45:40.891662,5199,0
2025-11-26T14:45:41.930112,5199,0
2025-11-26T14:45:42.960627,5292,0
2025-11-26T14:45:43.993509,5201,0
2025-11-26T14:45:45.027170,5201,0
2025-11-26T14:45:46.070093,5196,0
2025-11-26T14:45:47.099710,5196,0
2025-11-26T14:45:48.152779,5214,0
2025-11-26T14:45:49.190528,5430,0
2025-11-26T14:45:50.225445,5430,0
2025-11-26T14:45:51.258923,5297,0
2025-11-26T14:45:52.294631,5297,0
2025-11-26T14:45:53.342337,5180,0
2025-11-26T14:45:54.413089,5180,0
2025-11-26T14:45:55.446549,5234,0
2025-11-26T14:45:56.475852,5234,0
2025-11-26T14:45:57.541669,5273,0
2025-11-26T14:45:58.597443,5273,0
2025-11-26T14:45:59.626998,5162,0
2025-11-26T14:46:00.681805,5337,0
2025-11-26T14:46:01.711172,5337,0
2025-11-26T14:46:02.741994,5415,0
2025-11-26T14:46:03.786786,5415,0
2025-11-26T14:46:04.816238,5212,0
2025-11-26T14:46:05.859813,5212,0
2025-11-26T14:46:06.964955,5355,0
2025-11-26T14:46:08.014084,5243,0
2025-11-26T14:46:09.043940,5208,0
2025-11-26T14:46:10.101883,5208,0
2025-11-26T14:46:11.132276,5210,0
2025-11-26T14:46:12.184067,5210,0
2025-11-26T14:46:13.236511,5473,0
2025-11-26T14:46:14.280694,5473,0
2025-11-26T14:46:15.313015,5270,0
2025-11-26T14:46:16.343327,5450,0
2025-11-26T14:46:17.386129,5450,0
2025-11-26T14:46:18.437391,5529,0
2025-11-26T14:46:19.486432,5529,0
2025-11-26T14:46:20.515312,5703,0
2025-11-26T14:46:21.552241,5703,0
2025-11-26T14:46:22.592131,5237,0
2025-11-26T14:46:23.621395,5237,0
2025-11-26T14:46:24.676721,5169,0
2025-11-26T14:46:25.736993,5169,0
2025-11-26T14:46:26.768576,5326,0
2025-11-26T14:46:27.798143,5326,0
2025-11-26T14:46:28.829434,5271,0
2025-11-26T14:46:29.859120,5271,0
2025-11-26T14:46:30.896789,5287,0
2025-11-26T14:46:31.926366,5287,0
2025-11-26T14:46:32.969031,5384,0
2025-11-26T14:46:33.999331,5302,0
2025-11-26T14:46:35.049700,5302,0
2025-11-26T14:46:36.080862,5212,0
2025-11-26T14:46:37.112899,5212,0
2025-11-26T14:46:38.156071,5166,0
2025-11-26T14:46:39.222187,5166,0
2025-11-26T14:46:40.280807,5272,0
2025-11-26T14:46:41.311246,5272,0
2025-11-26T14:46:42.345329,5282,0
2025-11-26T14:46:43.376357,5282,0
2025-11-26T14:46:44.411724,5290,0
2025-11-26T14:46:45.462716,5290,0
2025-11-26T14:46:46.491705,5164,0
2025-11-26T14:46:47.534192,5289,0
2025-11-26T14:46:48.575850,5289,0
2025-11-26T14:46:49.626987,5340,0
2025-11-26T14:46:50.659187,5340,0
2025-11-26T14:46:51.691013,5186,0
2025-11-26T14:46:52.735722,5186,0
2025-11-26T14:46:53.781179,5198,0
2025-11-26T14:46:54.821737,5198,0
2025-11-26T14:46:55.853134,5284,0
2025-11-26T14:46:56.912475,5347,0
2025-11-26T14:46:57.958933,5347,0
2025-11-26T14:46:59.005340,5186,0
2025-11-26T14:47:00.035369,5280,0
2025-11-26T14:47:01.066536,5280,0
2025-11-26T14:47:02.125413,5333,0
2025-11-26T14:47:03.158855,5333,0
2025-11-26T14:47:04.200561,5307,0
2025-11-26T14:47:05.256073,5307,0
2025-11-26T14:47:06.296535,5259,0
2025-11-26T14:47:07.332732,5259,0
2025-11-26T14:47:08.361491,5287,0
2025-11-26T14:47:09.397565,5287,0
2025-11-26T14:47:10.448142,5221,0
2025-11-26T14:47:11.504546,5221,0
2025-11-26T14:47:12.547948,5495,0
2025-11-26T14:47:13.582531,5360,0
2025-11-26T14:47:14.611900,5360,0
2025-11-26T14:47:15.671624,5270,0
2025-11-26T14:47:16.702738,5270,0
2025-11-26T14:47:17.749904,5286,0
2025-11-26T14:47:18.782673,5286,0
2025-11-26T14:47:19.815432,5329,0
2025-11-26T14:47:20.850311,5329,0
2025-11-26T14:47:21.885362,5315,0
2025-11-26T14:47:22.915173,5315,0
2025-11-26T14:47:23.972779,5356,0
2025-11-26T14:47:25.037485,5242,0
2025-11-26T14:47:26.072179,5242,0
2025-11-26T14:47:27.101534,5347,0
2025-11-26T14:47:28.132198,5347,0
2025-11-26T14:47:29.162524,5243,0
2025-11-26T14:47:30.201020,5243,0
2025-11-26T14:47:31.253955,5422,0
2025-11-26T14:47:32.293126,5422,0
2025-11-26T14:47:33.323457,5279,0
2025-11-26T14:47:34.356518,5279,0
2025-11-26T14:47:35.391035,5316,0
2025-11-26T14:47:36.420872,5316,0
2025-11-26T14:47:37.462797,5568,0
2025-11-26T14:47:38.508327,5373,0
2025-11-26T14:47:39.566671,5373,0
2025-11-26T14:47:40.595644,5348,0
2025-11-26T14:47:41.630243,5348,0
2025-11-26T14:47:42.702869,5344,0
2025-11-26T14:47:43.732813,5344,0
2025-11-26T14:47:44.777620,5464,0
2025-11-26T14:47:45.806941,5308,0
2025-11-26T14:47:46.837294,5308,0
2025-11-26T14:47:47.869994,5373,0
2025-11-26T14:47:48.907895,5373,0
2025-11-26T14:47:49.938768,5385,0
2025-11-26T14:47:50.996767,5467,0
2025-11-26T14:47:52.027263,5467,0
2025-11-26T14:47:53.080679,5493,0
2025-11-26T14:47:54.154675,5524,0
2025-11-26T14:47:55.194706,5524,0
2025-11-26T14:47:56.225496,5440,0
2025-11-26T14:47:57.280010,5440,0
2025-11-26T14:47:58.311732,5437,0
2025-11-26T14:47:59.341812,5437,0
2025-11-26T14:48:00.410394,5493,0
2025-11-26T14:48:01.440057,5493,0
2025-11-26T14:48:02.509014,5548,0
2025-11-26T14:48:03.538578,5548,0
2025-11-26T14:48:04.573680,5417,0
2025-11-26T14:48:05.610791,5417,0
2025-11-26T14:48:06.679959,5341,0
2025-11-26T14:48:07.724477,5569,0
2025-11-26T14:48:08.754473,5569,0
2025-11-26T14:48:09.789942,5450,0
2025-11-26T14:48:10.823047,5450,0
2025-11-26T14:48:11.857213,5358,0
2025-11-26T14:48:12.910528,5358,0
2025-11-26T14:48:13.941570,5617,0
2025-11-26T14:48:14.992872,5739,0
2025-11-26T14:48:16.022659,5739,0
2025-11-26T14:48:17.052165,5444,0
2025-11-26T14:48:18.095631,5738,0
2025-11-26T14:48:19.156041,5738,0
2025-11-26T14:48:20.218572,5901,0
2025-11-26T14:48:21.247914,5901,0
2025-11-26T14:48:22.279904,5610,0
2025-11-26T14:48:23.317483,5610,0
2025-11-26T14:48:24.358620,5821,0
2025-11-26T14:48:25.408627,5821,0
2025-11-26T14:48:26.495580,5776,0
2025-11-26T14:48:27.554146,5776,0
2025-11-26T14:48:28.584553,5939,0
2025-11-26T14:48:29.634455,5939,0
2025-11-26T14:48:30.663695,5904,0
2025-11-26T14:48:31.714279,5904,0
2025-11-26T14:48:32.776013,5769,0
2025-11-26T14:48:33.838164,5769,0
2025-11-26T14:48:34.867643,5693,0
2025-11-26T14:48:35.918382,5693,0
2025-11-26T14:48:36.946687,5643,0
2025-11-26T14:48:37.975938,5643,0
2025-11-26T14:48:39.021693,5803,0
2025-11-26T14:48:40.052579,5897,0
2025-11-26T14:48:41.098188,5897,0
2025-11-26T14:48:42.130255,5640,0
2025-11-26T14:48:43.160542,5640,0
2025-11-26T14:48:44.191712,5825,0
2025-11-26T14:48:45.227382,5825,0
2025-11-26T14:48:46.256320,5554,0
2025-11-26T14:48:47.284806,5660,0
2025-11-26T14:48:48.344736,5660,0
2025-11-26T14:48:49.392491,5675,0
2025-11-26T14:48:50.427023,5675,0
2025-11-26T14:48:51.458036,5603,0
2025-11-26T14:48:52.488732,5526,0
2025-11-26T14:48:53.530548,5526,0
2025-11-26T14:48:54.559735,5891,0
2025-11-26T14:48:55.590217,5891,0
2025-11-26T14:48:56.637488,5762,0
2025-11-26T14:48:57.699703,5762,0
2025-11-26T14:48:58.734578,5592,0
2025-11-26T14:48:59.770084,5679,0
2025-11-26T14:49:00.806403,5679,0
2025-11-26T14:49:01.856804,5922,0
2025-11-26T14:49:02.891853,5922,0
2025-11-26T14:49:03.932602,5622,0
2025-11-26T14:49:04.966450,5622,0
2025-11-26T14:49:05.998546,5710,0
2025-11-26T14:49:07.028619,5693,0
2025-11-26T14:49:08.059665,5693,0
2025-11-26T14:49:09.089116,5690,0
2025-11-26T14:49:10.119105,5690,0
2025-11-26T14:49:11.150942,5587,0
2025-11-26T14:49:12.203712,5525,0
2025-11-26T14:49:13.232991,5525,0
2025-11-26T14:49:14.283830,5719,0
2025-11-26T14:49:15.314683,5719,0
2025-11-26T14:49:16.357348,5528,0
2025-11-26T14:49:17.387012,5651,0
2025-11-26T14:49:18.415816,5651,0
2025-11-26T14:49:19.471546,5738,0
2025-11-26T14:49:20.502606,5563,0
2025-11-26T14:49:21.553277,5563,0
2025-11-26T14:49:22.588168,5608,0
2025-11-26T14:49:23.619682,5580,0
2025-11-26T14:49:24.663832,5580,0
2025-11-26T14:49:25.693689,5345,0
2025-11-26T14:49:26.747927,5345,0
2025-11-26T14:49:27.789812,6873,0
2025-11-26T14:49:28.823356,7209,0
2025-11-26T14:49:29.869617,7209,0
2025-11-26T14:49:30.920083,6176,0
2025-11-26T14:49:31.963768,6176,0
2025-11-26T14:49:33.001155,6363,0
2025-11-26T14:49:34.036474,8240,0
2025-11-26T14:49:35.073545,8240,0
2025-11-26T14:49:36.121631,6952,0
2025-11-26T14:49:37.152772,6952,0
2025-11-26T14:49:38.182620,7383,0
2025-11-26T14:49:39.212842,6982,0
2025-11-26T14:49:40.263113,8483,0
2025-11-26T14:49:41.307239,8483,0
2025-11-26T14:49:42.348871,5832,0
2025-11-26T14:49:43.380635,5832,0
2025-11-26T14:49:44.421527,5367,0
2025-11-26T14:49:45.452553,5367,0
2025-11-26T14:49:46.483633,6671,0
2025-11-26T14:49:47.527789,8624,0
2025-11-26T14:49:48.557500,7102,0
2025-11-26T14:49:49.603540,7102,0
2025-11-26T14:49:50.633513,7644,0
2025-11-26T14:49:51.666109,7644,0
2025-11-26T14:49:52.697252,9016,0
2025-11-26T14:49:53.741787,9016,0
2025-11-26T14:49:54.770684,8310,0
2025-11-26T14:49:55.823421,8310,0
2025-11-26T14:49:56.868347,5990,0
2025-11-26T14:49:57.907395,5990,0
2025-11-26T14:49:58.937259,6131,0
2025-11-26T14:49:59.968447,7194,0
2025-11-26T14:50:01.006844,9736,0
2025-11-26T14:50:02.037689,7122,0
2025-11-26T14:50:03.072940,7122,0
2025-11-26T14:50:04.119055,7231,0
2025-11-26T14:50:05.149201,7231,0
2025-11-26T14:50:06.190238,9686,0
2025-11-26T14:50:07.220012,9686,0
2025-11-26T14:50:08.251794,9612,0
2025-11-26T14:50:09.286186,9612,0
2025-11-26T14:50:10.327751,6992,0
2025-11-26T14:50:11.357014,6992,0
2025-11-26T14:50:12.390005,5765,0
2025-11-26T14:50:13.434688,5765,0
2025-11-26T14:50:14.464088,8424,0
2025-11-26T14:50:15.524725,8424,0
2025-11-26T14:50:16.558158,6516,0
2025-11-26T14:50:17.595751,6516,0
2025-11-26T14:50:18.626954,6930,0
2025-11-26T14:50:19.659727,7061,0
2025-11-26T14:50:20.705238,7061,0
2025-11-26T14:50:21.734345,7845,0
2025-11-26T14:50:22.781106,7845,0
2025-11-26T14:50:23.845044,6337,0
2025-11-26T14:50:24.876764,6337,0
2025-11-26T14:50:25.928483,5451,0
2025-11-26T14:50:26.958279,5451,0
2025-11-26T14:50:28.077557,6718,0
2025-11-26T14:50:29.129005,8958,0
2025-11-26T14:50:30.291646,8958,0
2025-11-26T14:50:31.325729,8191,0
2025-11-26T14:50:32.355503,8225,0
2025-11-26T14:50:33.402521,8225,0
2025-11-26T14:50:34.434585,6775,0
2025-11-26T14:50:35.486271,6775,0
2025-11-26T14:50:36.542174,9657,0
2025-11-26T14:50:37.573650,9657,0
2025-11-26T14:50:38.605049,6439,0
2025-11-26T14:50:39.650209,6439,0
2025-11-26T14:50:40.679087,9169,0
2025-11-26T14:50:41.723579,9169,0
2025-11-26T14:50:42.757480,6994,0
2025-11-26T14:50:43.789432,6739,0
2025-11-26T14:50:44.825593,6739,0
2025-11-26T14:50:45.855555,7409,0
2025-11-26T14:50:46.885472,8277,0
2025-11-26T14:50:47.928026,8277,0
2025-11-26T14:50:48.968676,5441,0
2025-11-26T14:50:49.997539,5441,0
2025-11-26T14:50:51.071686,6977,0
2025-11-26T14:50:52.102627,6977,0
2025-11-26T14:50:53.148252,8773,0
2025-11-26T14:50:54.304616,8773,0
2025-11-26T14:50:55.367268,5814,0
2025-11-26T14:50:56.410494,5814,0
2025-11-26T14:50:57.468349,6471,0
2025-11-26T14:50:58.499622,6471,0
2025-11-26T14:50:59.544847,6830,0
2025-11-26T14:51:00.581653,6830,0
2025-11-26T14:51:01.612845,6690,0
2025-11-26T14:51:02.658800,6690,0
2025-11-26T14:51:03.715894,7811,0
2025-11-26T14:51:04.794671,7811,0
2025-11-26T14:51:05.826608,5345,0
2025-11-26T14:51:06.859053,5345,0
2025-11-26T14:51:07.890855,7154,0
2025-11-26T14:51:08.942390,7154,0
2025-11-26T14:51:09.988742,6523,0
2025-11-26T14:51:11.018144,7005,0
2025-11-26T14:51:12.055602,7005,0
2025-11-26T14:51:13.085095,7037,0
2025-11-26T14:51:14.118881,7037,0
2025-11-26T14:51:15.150249,6733,0
2025-11-26T14:51:16.179659,6733,0
2025-11-26T14:51:17.208950,7290,0
2025-11-26T14:51:18.254117,7290,0
2025-11-26T14:51:19.284474,6357,0
2025-11-26T14:51:20.337853,7093,0
2025-11-26T14:51:21.372405,7093,0
2025-11-26T14:51:22.404204,6413,0
2025-11-26T14:51:23.439242,6413,0
2025-11-26T14:51:24.525077,8424,0
2025-11-26T14:51:25.561145,7898,0
2025-11-26T14:51:26.593593,7898,0
2025-11-26T14:51:27.623632,7144,0
2025-11-26T14:51:28.668422,7144,0
2025-11-26T14:51:29.699103,6783,0
2025-11-26T14:51:30.752580,6783,0
2025-11-26T14:51:31.804251,6388,0
2025-11-26T14:51:32.833760,6388,0
2025-11-26T14:51:33.902281,9722,0
2025-11-26T14:51:34.957070,9722,0
2025-11-26T14:51:36.009995,7386,0
2025-11-26T14:51:37.043856,7260,0
2025-11-26T14:51:38.088227,7260,0
2025-11-26T14:51:39.127714,8643,0
2025-11-26T14:51:40.178003,8643,0
2025-11-26T14:51:41.219752,5937,0
2025-11-26T14:51:42.278671,5937,0
2025-11-26T14:51:43.310020,7578,0
2025-11-26T14:51:44.340232,6563,0
2025-11-26T14:51:45.445217,6563,0
2025-11-26T14:51:46.479179,7501,0
2025-11-26T14:51:47.508746,7501,0
2025-11-26T14:51:48.567745,7071,0
2025-11-26T14:51:49.598225,7071,0
2025-11-26T14:51:50.638953,6074,0
2025-11-26T14:51:51.673726,6074,0
2025-11-26T14:51:52.707369,5370,0
2025-11-26T14:51:53.740407,5370,0
2025-11-26T14:51:54.774990,5657,0
2025-11-26T14:51:55.812397,9333,0
2025-11-26T14:51:56.858461,9333,0
2025-11-26T14:51:57.893456,6345,0
2025-11-26T14:51:58.938152,6345,0
2025-11-26T14:51:59.967496,6220,0
2025-11-26T14:52:01.008533,5262,0
2025-11-26T14:52:02.045697,7887,0
2025-11-26T14:52:03.075744,7099,0
2025-11-26T14:52:04.109738,7099,0
2025-11-26T14:52:05.156242,7553,0
2025-11-26T14:52:06.186398,7553,0
2025-11-26T14:52:07.242391,9041,0
2025-11-26T14:52:08.274628,9041,0
2025-11-26T14:52:09.315637,7452,0
2025-11-26T14:52:10.345534,7452,0
2025-11-26T14:52:11.376836,8711,0
2025-11-26T14:52:12.471457,8711,0
2025-11-26T14:52:13.513764,6373,0
2025-11-26T14:52:14.544207,6373,0
2025-11-26T14:52:15.574468,6357,0
2025-11-26T14:52:16.605911,6357,0
2025-11-26T14:52:17.646130,6775,0
2025-11-26T14:52:18.697542,6775,0
2025-11-26T14:52:19.732872,6265,0
2025-11-26T14:52:20.763166,11162,0
2025-11-26T14:52:21.797225,16425,0
2025-11-26T14:52:22.831853,16425,0
2025-11-26T14:52:23.862250,6240,0
2025-11-26T14:52:24.896632,7078,0
2025-11-26T14:52:25.940720,7078,0
2025-11-26T14:52:26.974733,12300,0
2025-11-26T14:52:28.017224,12300,0
2025-11-26T14:52:29.064748,9072,0
2025-11-26T14:52:30.097546,11562,0
2025-11-26T14:52:31.141080,6972,0
2025-11-26T14:52:32.186815,6972,0
2025-11-26T14:52:33.221089,5559,0
2025-11-26T14:52:34.263887,8449,0
2025-11-26T14:52:35.314787,8449,0
2025-11-26T14:52:36.366899,6111,0
2025-11-26T14:52:37.460905,6111,0
2025-11-26T14:52:38.497051,6391,0
2025-11-26T14:52:39.527361,5362,0
2025-11-26T14:52:40.557785,5362,0
2025-11-26T14:52:41.609278,7122,0
2025-11-26T14:52:42.668348,7122,0
2025-11-26T14:52:43.697996,6515,0
2025-11-26T14:52:44.744951,6515,0
2025-11-26T14:52:45.776855,6911,0
2025-11-26T14:52:46.809443,6911,0
2025-11-26T14:52:47.860798,5178,0
2025-11-26T14:52:48.945593,5178,0
2025-11-26T14:52:49.975035,5208,0
2025-11-26T14:52:51.004068,5208,0
2025-11-26T14:52:52.035038,5143,0
2025-11-26T14:52:53.078123,5201,0
2025-11-26T14:52:54.108855,5201,0
2025-11-26T14:52:55.152983,5179,0
2025-11-26T14:52:56.182818,5179,0
2025-11-26T14:52:57.212381,5182,0
2025-11-26T14:52:58.243651,5182,0
2025-11-26T14:52:59.273086,5162,0
2025-11-26T14:53:00.326019,5236,0
2025-11-26T14:53:01.372516,5236,0
2025-11-26T14:53:02.411048,5158,0
2025-11-26T14:53:03.454366,5158,0
2025-11-26T14:53:04.488136,5166,0
2025-11-26T14:53:05.517321,5166,0
2025-11-26T14:53:06.552162,5103,0
2025-11-26T14:53:07.581373,5103,0
2025-11-26T14:53:08.611232,5127,0
2025-11-26T14:53:09.643778,5127,0
2025-11-26T14:53:10.689813,5149,0
2025-11-26T14:53:11.719724,5149,0
2025-11-26T14:53:12.766205,5263,0
2025-11-26T14:53:13.823909,5263,0
2025-11-26T14:53:14.854317,5287,0
2025-11-26T14:53:15.890791,5287,0
2025-11-26T14:53:16.937507,5232,0
2025-11-26T14:53:17.987743,5232,0
2025-11-26T14:53:19.017868,5320,0
2025-11-26T14:53:20.047577,5442,0
2025-11-26T14:53:21.086491,5328,0
2025-11-26T14:53:22.158661,5328,0
2025-11-26T14:53:23.187787,5356,0
2025-11-26T14:53:24.351476,5356,0
2025-11-26T14:53:25.397315,5355,0
2025-11-26T14:53:26.427747,5355,0
2025-11-26T14:53:27.458227,5427,0
2025-11-26T14:53:28.506436,5427,0
2025-11-26T14:53:29.536662,5519,0
2025-11-26T14:53:30.596929,5734,0
2025-11-26T14:53:31.626142,5734,0
2025-11-26T14:53:32.682953,5296,0
2025-11-26T14:53:33.731847,5296,0
2025-11-26T14:53:34.789362,5242,0
2025-11-26T14:53:35.842084,5242,0
2025-11-26T14:53:36.871729,5282,0
2025-11-26T14:53:37.903531,5282,0
2025-11-26T14:53:38.934106,5267,0
2025-11-26T14:53:39.977017,5267,0
2025-11-26T14:53:41.010627,5448,0
2025-11-26T14:53:42.058391,5454,0
2025-11-26T14:53:43.088136,5646,0
2025-11-26T14:53:44.117773,5646,0
2025-11-26T14:53:45.148364,5244,0
2025-11-26T14:53:46.181551,5435,0
2025-11-26T14:53:47.212540,5435,0
2025-11-26T14:53:48.249959,5745,0
2025-11-26T14:53:49.279718,5745,0
2025-11-26T14:53:50.318706,6035,0
2025-11-26T14:53:51.348265,6035,0
2025-11-26T14:53:52.395144,5739,0
2025-11-26T14:53:53.429227,5739,0
2025-11-26T14:53:54.517895,5882,0
2025-11-26T14:53:55.551099,5882,0
2025-11-26T14:53:56.601651,5776,0
2025-11-26T14:53:57.632326,5776,0
2025-11-26T14:53:58.682271,5778,0
2025-11-26T14:53:59.741492,5778,0
2025-11-26T14:54:00.778887,5460,0
2025-11-26T14:54:01.836075,5460,0
2025-11-26T14:54:02.866764,5617,0
2025-11-26T14:54:03.902629,5501,0
2025-11-26T14:54:04.938349,5501,0
2025-11-26T14:54:05.992230,5867,0
2025-11-26T14:54:07.049422,5669,0
2025-11-26T14:54:08.079255,5344,0
2025-11-26T14:54:09.170257,5344,0
2025-11-26T14:54:10.218745,5317,0
2025-11-26T14:54:11.291562,5317,0
2025-11-26T14:54:12.335538,5264,0
